Title,Title_URL,Image,likes,comment,collect,share,下载地址
农村常见的车前草，竟然跟西汉大将霍去病有关。 #萌智计划 #车前草 #车前子,https://www.douyin.com/video/7063811426372062497,https://p3-pc-sign.douyinpic.com/tos-cn-i-0004/815a5bac10b14745a3360b3e5487cc86~tplv-dy-cropcenter:323:430.jpeg?biz_tag=pcweb_cover&from=3213915784&s=PackSourceEnum_PUBLISH&sc=cover&se=true&sh=323_430&x-expires=2032966800&x-signature=On5YBSakltjkqSj6r7H5qS%2FUNr0%3D,1193,68,158,168,https://v5-hl-tx-ov.douyinvod.com/7deaa5c21c0f7e59ddcc8ede4eef10b1/667dcbfe/video/tos/cn/tos-cn-ve-0015c800/0b6a31c62ed144d29efd904460dc9664/?a=6383&ch=26&cr=3&dr=0&lr=all&cd=0%7C0%7C0%7C3&cv=1&br=1974&bt=1974&cs=0&ds=6&ft=_.eD_3-NSupc0riXXbvb4e2EeCXPJOs3-Hb4w7nXZA8BBcIeMfVnJVrzvjTQ&mime_type=video_mp4&qs=0&rc=OjZlZjdnZDc1ODppZmYzZ0BpM3BpaGk6Zjh1OzMzNGkzM0AtYy0yYWE1X2IxYF9gLy1gYSNpXmAvcjRfNDBgLS1kLTBzcw%3D%3D&btag=c0000e00028000&cquery=100o_100w_100B_100D_102u&dy_q=1719512948&l=202406280229086E1FCE59399AD6509797&__vid=7063811426372062497
它到底是不是车前草？是也不是，看完视频你就知道了。#中草药 #三农 #新农人 #新农人计划2023 #支持三农扶持三农发展 #车前草,https://www.douyin.com/video/7233723143125224765,https://p3-pc-sign.douyinpic.com/tos-cn-i-dy/ib6fe45f73a4342fa81a2a1db636c4dfd~tplv-dy-cropcenter:323:430.jpeg?biz_tag=pcweb_cover&from=3213915784&s=PackSourceEnum_PUBLISH&sc=cover&se=true&sh=323_430&x-expires=2032966800&x-signature=5vkF85xiqe1h4z2ZiczsTUR3CP4%3D,188,28,21,3,https://v5-hl-tx-ov.douyinvod.com/4521d3c9bd4d19ca88b03fdecf5425e0/667dcbf7/video/tos/cn/tos-cn-ve-15c001-alinc2/o0MlH4hEIAgyRKMNXWfCjt1l5qwsxAAEzBaeQE/?a=6383&ch=26&cr=3&dr=0&lr=all&cd=0%7C0%7C0%7C3&cv=1&br=1369&bt=1369&cs=2&ds=6&ft=_.eD_3-NSupc0riXXbvb4e2Eex1PJOs3-Hb4w7nXZA8BBcIeMfVnJVrzvjTQ&mime_type=video_mp4&qs=11&rc=OWQ4aGc0ZTpnNTNoOzY5N0BpajpsODc6ZjtvazMzNGkzM0AxLmM0NjUuNmAxXmAwLzJjYSNwXnEvcjRnZGVgLS1kLS9zcw%3D%3D&btag=c0000e00028000&cquery=100o_100w_100B_100H_100K&dy_q=1719512972&feature_id=22eebe935d739141bc75f57beca62d29&l=20240628022932B0B13A4288253E50BD0E&__vid=7233723143125224765
这种植物能在牛和车经常走的路上生存，因此称为车前草、车轱辘菜等。#我的乡村生活 #植物科普,https://www.douyin.com/video/7357386706225515828,https://p3-pc-sign.douyinpic.com/tos-cn-p-0015/oIEaIfAQHkPANEz5ViCfsMs7yFPB7BFeIhEG2o~tplv-dy-cropcenter:323:430.jpeg?biz_tag=pcweb_cover&from=3213915784&s=PackSourceEnum_PUBLISH&sc=cover&se=true&sh=323_430&x-expires=2032963200&x-signature=cyJFwmyWUMHzXb4akVNiqW0Y5c0%3D,21000,4121,5513,4000,https://v5-hl-tx-ov.douyinvod.com/43f077f4c7880f1dd1e3fdaaeb8056fd/667dcbd6/video/tos/cn/tos-cn-ve-15/ooQB77Pg5KGkNY1w87sIACoBPyfQIEg2AMVffH/?a=6383&ch=26&cr=3&dr=0&lr=all&cd=0%7C0%7C0%7C3&cv=1&br=1366&bt=1366&cs=2&ds=6&ft=_.eD_3-NSupc0riXXbvb4e2EeQ1PJOs3-Hb4w7nXZA8BBcIeMfVnJVrzvjTQ&mime_type=video_mp4&qs=11&rc=Z2Q1OzU0NGhnNWRlNDM0OEBpMzZ5eWg6ZnZkcjMzNGkzM0BgYTU0NGM0XjQxL2E1YTMwYSMvNXM1cjRncmFgLS1kLS9zcw%3D%3D&btag=c0000e00018000&cquery=100B_100x_100z_100o_100w&dy_q=1719512982&feature_id=8129a1729e50e93a9e951d2e5fa96ae4&l=202406280229425D1C68BE15903751CAA6&__vid=7357386706225515828
农村路边的车前草，又名车轱辘菜，村里人遇见也会挖点回来 。#植物科普 #三农 #新农人2024,https://www.douyin.com/video/7332880919356886312,https://p3-pc-sign.douyinpic.com/tos-cn-p-0015/og7lA1tzNECieSyAvoDDP4rdDBKAThApfCR8Ig~tplv-dy-cropcenter:323:430.jpeg?biz_tag=pcweb_cover&from=3213915784&s=PackSourceEnum_PUBLISH&sc=cover&se=true&sh=323_430&x-expires=2032963200&x-signature=z6tqPmNDBQM33%2BDW3sQkMIChjbQ%3D,1408,110,356,198,https://v5-dy-o-abtest.zjcdn.com/c820aad654886973242ba7fb38badf00/667dcbdf/video/tos/cn/tos-cn-ve-15/oE2LlK7eBBPhVHCHKQ4DygQfBMSXRACV0sAaeA/?a=6383&ch=26&cr=3&dr=0&lr=all&cd=0%7C0%7C0%7C3&cv=1&br=1193&bt=1193&cs=2&ds=6&ft=_.eD_3-NSupc0riXXbvb4e2Ee01PJOs3-Hb4w7nXZA8BBcIeMfVnJVrzvjTQ&mime_type=video_mp4&qs=11&rc=PGQ6OGY1ODQ0aWg4NDU2Z0BpamVvczU6Znh0cTMzNGkzM0BjNDFiXmJgNjUxXy9fLzQwYSMuMmJrcjRfLS5gLS1kLWFzcw%3D%3D&btag=c0000e00018000&cc=46&cquery=100w_100B_100x_100z_100o&dy_q=1719512992&feature_id=8129a1729e50e93a9e951d2e5fa96ae4&l=20240628022952E8DFD77983748F4AB1D0&req_cdn_type=&__vid=7332880919356886312
农村路边的车前草你认识吗？#勤劳的农村人 #dou来广东百千万 #植物科普,https://www.douyin.com/video/7321759542419688744,https://p9-pc-sign.douyinpic.com/tos-cn-i-0813/owN1zMcewEoTAH0Ahyggi7zPfLtAACZACIKcAy~tplv-dy-cropcenter:323:430.jpeg?biz_tag=pcweb_cover&from=3213915784&s=PackSourceEnum_PUBLISH&sc=cover&se=true&sh=323_430&x-expires=2032963200&x-signature=uQAMFptcDRnIyv%2F%2BjxeoEbaPglc%3D,13000,566,4266,1144,https://v5-hl-tx-ov.douyinvod.com/a7ad518e20cf104f0191e214800895a3/667dcbe5/video/tos/cn/tos-cn-ve-15/ogLJaO4teCGQDAe7IBuINcNgKOBaAmbcerPnDC/?a=6383&ch=26&cr=3&dr=0&lr=all&cd=0%7C0%7C0%7C3&cv=1&br=1484&bt=1484&cs=2&ds=6&ft=_.eD_3-NSupc0riXXbvb4e2Eef1PJOs3-Hb4w7nXZA8BBcIeMfVnJVrzvjTQ&mime_type=video_mp4&qs=11&rc=Z2RkZWg1ZDhkOWZkPDNmaEBpajZvPDc6Znk0cDMzNGkzM0AvYTNfMmIxNS0xMi9jXzY1YSMtYmlfcjRnbmJgLS1kLWFzcw%3D%3D&btag=80000e00010000&cquery=100o_100w_100B_100x_100z&dy_q=1719513002&feature_id=d65f473b4463b6315c21eb3d7c571218&l=20240628023002400EB8AA8056AD335759&__vid=7321759542419688744
车前草又名车轮菜、牛舌草，看看村里人是怎么处理的。#广东dou是好风光 #dou来广东百千万 #我的乡村生活,https://www.douyin.com/video/7311328844420517160,https://p3-pc-sign.douyinpic.com/tos-cn-p-0015/oAcMIyePEwNKWrRuAEnAQ7dG9ylgHBDAVwDbbe~tplv-dy-cropcenter:323:430.jpeg?biz_tag=pcweb_cover&from=3213915784&s=PackSourceEnum_PUBLISH&sc=cover&se=true&sh=323_430&x-expires=2032963200&x-signature=85tGdoopHd6p60vS3%2B7%2Bl0p4TQs%3D,2687,143,860,298,https://v5-dy-o-abtest.zjcdn.com/2ab880ed41b289789b9fc3d78d7b7810/667dcbed/video/tos/cn/tos-cn-ve-15/okl4EmgbNhNBZDYyA5Q0EEI3NdAN7BANVzDeuf/?a=6383&ch=26&cr=3&dr=0&lr=all&cd=0%7C0%7C0%7C3&cv=1&br=1066&bt=1066&cs=2&ds=6&ft=_.eD_3-NSupc0riXXbvb4e2Ee51PJOs3-Hb4w7nXZA8BBcIeMfVnJVrzvjTQ&mime_type=video_mp4&qs=11&rc=OTs7ZmhlPDs6OTNmPGZpOkBpam9wcDY6ZmxqbzMzNGkzM0AzYzIxMzJhNV4xNjRfLl9gYSNwYC5gcjRncW9gLS1kLWFzcw%3D%3D&btag=80000e00010000&cc=46&cquery=100o_100w_100B_100x_100z&dy_q=1719513013&feature_id=d65f473b4463b6315c21eb3d7c571218&l=2024062802301390EFC08D6E703D3318F6&req_cdn_type=&__vid=7311328844420517160
车前菜又有人叫它车前草，虾蟆衣、猪耳朵等，你的家乡又叫它什么名字呢？#我的乡村生活 #农村生活,https://www.douyin.com/video/7298748057254989108,https://p3-pc-sign.douyinpic.com/tos-cn-p-0015/oAXU9lG7SC9DAuueAAQGyNybwNpgMeInF1NBol~tplv-dy-cropcenter:323:430.jpeg?biz_tag=pcweb_cover&from=3213915784&s=PackSourceEnum_PUBLISH&sc=cover&se=true&sh=323_430&x-expires=2032963200&x-signature=I9nStprC7RkPbfjMjMzIWuCK8A0%3D,52000,2377,18000,5860,https://v5-hl-tx-ov.douyinvod.com/58e585c476c14e9dfcd63490d8a24c4e/667dcbf6/video/tos/cn/tos-cn-ve-15c001-alinc2/oArA6ZeS5In9wNQAyUrgbeD7lKEm9ZmANGNlXB/?a=6383&ch=26&cr=3&dr=0&lr=all&cd=0%7C0%7C0%7C3&cv=1&br=2289&bt=2289&cs=0&ds=6&ft=_.eD_3-NSupc0riXXbvb4e2Ee81PJOs3-Hb4w7nXZA8BBcIeMfVnJVrzvjTQ&mime_type=video_mp4&qs=0&rc=Nzs2ZTczNGc4OGhlZDo6OkBpM3N1eTk6ZmY4bzMzNGkzM0BjY2MuY19gXjExNTYwNS8uYSNeaWhycjQwbTJgLS1kLWFzcw%3D%3D&btag=80000e00010000&cquery=100w_100B_100x_100z_100o&dy_q=1719513023&feature_id=f0150a16a324336cda5d6dd0b69ed299&l=20240628023023F1B4506BEA95893274AB&__vid=7298748057254989108
农村有三宝，玉米须、桑叶、车前草，村里人称它为三宝茶。#农村生活 #植物科普,https://www.douyin.com/video/7272281025202507023,https://p3-pc-sign.douyinpic.com/tos-cn-p-0015/o0S6A1bnNIPf9XkAwqSSH7jFYBjAoDTReHR4Qg~tplv-dy-cropcenter:323:430.jpeg?biz_tag=pcweb_cover&from=3213915784&s=PackSourceEnum_PUBLISH&sc=cover&se=true&sh=323_430&x-expires=2032963200&x-signature=%2BOSTAEnGREcZ30WEHRBT2l%2BgQbI%3D,7580,178,5345,1824,https://v5-hl-tx-ov.douyinvod.com/3762f0755108728e81c6626b147ce1fd/667dcc0a/video/tos/cn/tos-cn-ve-15c001-alinc2/o0AAgVjYzwkIbBeHPvnFXQ4kN7r9DTeg6t1AS6/?a=6383&ch=26&cr=3&dr=0&lr=all&cd=0%7C0%7C0%7C3&cv=1&br=1076&bt=1076&cs=2&ds=6&ft=_.eD_3-NSupc0riXXbvb4e2EexZPJOs3-Hb4w7nXZA8BBcIeMfVnJVrzvjTQ&mime_type=video_mp4&qs=11&rc=NzU2Mzw6aDo0aTNpN2ZnZUBpamtkOjo6Zng4bTMzNGkzM0A2NTAyNTIuX18xYDFiYzVjYSNoa19wcjQwNmpgLS1kLWFzcw%3D%3D&btag=c0000e00018000&cquery=100B_100x_100z_100o_100w&dy_q=1719513036&feature_id=d65f473b4463b6315c21eb3d7c571218&l=2024062802303643ADEE1DD2ED8C46F41C&__vid=7272281025202507023
车前草好多人见过，车前子你知道吗？#植物科普,https://www.douyin.com/video/7249001003972971816,https://p3-pc-sign.douyinpic.com/tos-cn-i-0813/oIoAvhLzgtACXAcftAyeAAADETZBATI8NCVCzN~tplv-dy-cropcenter:323:430.jpeg?biz_tag=pcweb_cover&from=3213915784&s=PackSourceEnum_PUBLISH&sc=cover&se=true&sh=323_430&x-expires=2032963200&x-signature=qNzjCE%2BcMR%2F4zRmQXumc3bWfTPw%3D,1717,41,382,180,https://v5-hl-tx-ov.douyinvod.com/188ce92e64aaa67d875a906f5ecc4d53/667dcc16/video/tos/cn/tos-cn-ve-15c001-alinc2/o8mZ7zSvJIaFBsBNoCMet2fDE5nQeRAozAbrX4/?a=6383&ch=26&cr=3&dr=0&lr=all&cd=0%7C0%7C0%7C3&cv=1&br=1416&bt=1416&cs=2&ds=6&ft=_.eD_3-NSupc0riXXbvb4e2EeQZPJOs3-Hb4w7nXZA8BBcIeMfVnJVrzvjTQ&mime_type=video_mp4&qs=11&rc=M2gzN2VkNzM1OjY5NDw3NEBpMzk5aDk6ZnZzbDMzNGkzM0BfMi4yXjE1NjIxYTE2XzVjYSM2ZTRzcjRvc2BgLS1kLWFzcw%3D%3D&btag=c0000e00018000&cquery=100x_100z_100o_100w_100B&dy_q=1719513046&feature_id=d65f473b4463b6315c21eb3d7c571218&l=20240628023046320BD31776BDB9462A3A&__vid=7249001003972971816
农村路边的车前草，遇到就挖点回来。#我的乡村生活 #农村生活,https://www.douyin.com/video/7241383860209011983,https://p3-pc-sign.douyinpic.com/tos-cn-i-0813/6a3d8ae9e371427fb1e9937d348aadf9~tplv-dy-cropcenter:323:430.jpeg?biz_tag=pcweb_cover&from=3213915784&s=PackSourceEnum_PUBLISH&sc=cover&se=true&sh=323_430&x-expires=2032963200&x-signature=ayMn464YIDb78bt21Em%2F2Mkxeqg%3D,11000,360,2856,1409,https://v5-hl-tx-ov.douyinvod.com/06f8dfd8e120060011935a1535236b46/667dcc26/video/tos/cn/tos-cn-ve-15c001-alinc2/oMnu6DEgAIkf1ecBqavbbV0itPMYC7AEeIQpAB/?a=6383&ch=26&cr=3&dr=0&lr=all&cd=0%7C0%7C0%7C3&cv=1&br=1384&bt=1384&cs=2&ds=6&ft=_.eD_3-NSupc0riXXbvb4e2Ee0ZPJOs3-Hb4w7nXZA8BBcIeMfVnJVrzvjTQ&mime_type=video_mp4&qs=11&rc=ZmRlPDw8OGhoaWdlO2g7ZUBpM29kODU6Zmc8azMzNGkzM0A2YDMvMGAuX2MxX14zMzRgYSMzY20ucjRfLXNgLS1kLWFzcw%3D%3D&btag=c0000e00018000&cquery=100z_100o_100w_100B_100x&dy_q=1719513056&feature_id=d65f473b4463b6315c21eb3d7c571218&l=20240628023056EFE5D9A169F9CF45AD73&__vid=7241383860209011983
农村路边的车前草，遇到就挖点回来。#我的乡村生活 #乡村守护人,https://www.douyin.com/video/7235254288715369743,https://p3-pc-sign.douyinpic.com/tos-cn-i-0813c001/b2ffe015bf0742fbb962f2e4ed222af8~tplv-dy-cropcenter:323:430.jpeg?biz_tag=pcweb_cover&from=3213915784&s=PackSourceEnum_PUBLISH&sc=cover&se=true&sh=323_430&x-expires=2032963200&x-signature=GescQRlb2yCm2iCoekTQuMS2nx0%3D,4668,145,957,456,https://v5-dy-o-abtest.zjcdn.com/fa70c76789b47f4d4efe5e4977068f9c/667dcc2e/video/tos/cn/tos-cn-ve-15c001-alinc2/oU9ABtGoZgMezRFEQaIhArBNyANfImwayLS75l/?a=6383&ch=26&cr=3&dr=0&lr=all&cd=0%7C0%7C0%7C3&cv=1&br=1327&bt=1327&cs=2&ds=6&ft=_.eD_3-NSupc0riXXbvb4e2EefZPJOs3-Hb4w7nXZA8BBcIeMfVnJVrzvjTQ&mime_type=video_mp4&qs=11&rc=ZTU1ZGgzOmY0PGU5NDZlO0BpamU8cDs6Zm9mazMzNGkzM0BgYy42MjZiNTIxMzJhMTJeYSMtZmdxcjRvZmhgLS1kLWFzcw%3D%3D&btag=80000e00018000&cc=46&cquery=100z_100o_100w_100B_100x&dy_q=1719513066&feature_id=d65f473b4463b6315c21eb3d7c571218&l=20240628023106576A703B6BB2C833E714&req_cdn_type=&__vid=7235254288715369743
农村路边的车前草，遇到就挖点回家。#我的乡村生活,https://www.douyin.com/video/7231525116142767360,https://p3-pc-sign.douyinpic.com/tos-cn-i-0813c001/d3377352af3e4b669f8ac567d17dd3c0~tplv-dy-cropcenter:323:430.jpeg?biz_tag=pcweb_cover&from=3213915784&s=PackSourceEnum_PUBLISH&sc=cover&se=true&sh=323_430&x-expires=2032963200&x-signature=ox79HrIQnr1TPuW%2B1elJFlYC0PA%3D,5667,297,1134,734,https://v5-dy-o-abtest.zjcdn.com/d95b2831326fcdb05475612d4faff9f1/667dcc42/video/tos/cn/tos-cn-ve-15c001-alinc2/owmWnbDnADTNIyFESgkgeBR3QB94AQ6aqAeQvk/?a=6383&ch=26&cr=3&dr=0&lr=all&cd=0%7C0%7C0%7C3&cv=1&br=1447&bt=1447&cs=2&ds=6&ft=_.eD_3-NSupc0riXXbvb4e2EeCZPJOs3-Hb4w7nXZA8BBcIeMfVnJVrzvjTQ&mime_type=video_mp4&qs=11&rc=ZjkzNDY1NDY0ZTgzO2g4aUBpajV5bDQ6ZjxyazMzNGkzM0BfY180MV8xNjYxMl9hMjE0YSMzbjNocjRvZ2FgLS1kLWFzcw%3D%3D&btag=c0000e00020000&cc=46&cquery=100o_100w_100B_100x_100z&dy_q=1719513076&feature_id=d65f473b4463b6315c21eb3d7c571218&l=20240628023115D91139A819E58649251B&req_cdn_type=&__vid=7231525116142767360
#乡村守护人 车前草#三农,https://www.douyin.com/video/7221176013714181416,https://p3-pc-sign.douyinpic.com/tos-cn-i-0813c001/89c8386e01144c3b9be9ac3e31466f8f~tplv-dy-cropcenter:323:430.jpeg?biz_tag=pcweb_cover&from=3213915784&s=PackSourceEnum_PUBLISH&sc=cover&se=true&sh=323_430&x-expires=2032966800&x-signature=F8h4JSzObzPQw4GtYn1DkluZOSc%3D,17000,1040,3538,2719,https://v5-hl-tx-ov.douyinvod.com/d0d51209dc3b5d981df1ee9940234e42/667dcc3e/video/tos/cn/tos-cn-ve-15c001-alinc2/osAsAApyNhZQFeJEKQ2NBfxGQzdxq2IKrBBG5g/?a=6383&ch=26&cr=3&dr=0&lr=all&cd=0%7C0%7C0%7C3&cv=1&br=1457&bt=1457&cs=2&ds=6&ft=_.eD_3-NSupc0riXXbvb4e2EeDZPJOs3-Hb4w7nXZA8BBcIeMfVnJVrzvjTQ&mime_type=video_mp4&qs=11&rc=N2Y7PDdpZWRmNjg3MztkPEBpM2VyaGQ6ZmZmajMzNGkzM0BiMTVgMGJgNS0xMTYzYzUzYSM1MDVpcjRnXm9gLS1kLWFzcw%3D%3D&btag=c0000e00018000&cquery=100z_100o_100w_100B_100x&dy_q=1719513086&feature_id=d65f473b4463b6315c21eb3d7c571218&l=20240628023126DA470FD3E47433510B2B&__vid=7221176013714181416
车前草#乡村守护人 #农村美食,https://www.douyin.com/video/7212654445866274082,https://p3-pc-sign.douyinpic.com/tos-cn-i-0813/1c82f04706474d71b17cb614ff63afcb~tplv-dy-cropcenter:323:430.jpeg?biz_tag=pcweb_cover&from=3213915784&s=PackSourceEnum_PUBLISH&sc=cover&se=true&sh=323_430&x-expires=2032966800&x-signature=f11oqYBXeeJD1ExW4wSxjaZPTVI%3D,13000,415,3473,1664,https://v5-hl-tx-ov.douyinvod.com/8f6053a638fc70a2d01bb4d658771c37/667dcc47/video/tos/cn/tos-cn-ve-15c001-alinc2/oUfUgKGIgFZgA8kuCeHAA1DEYnRIbbAG9QB7EN/?a=6383&ch=26&cr=3&dr=0&lr=all&cd=0%7C0%7C0%7C3&cv=1&br=1122&bt=1122&cs=2&ds=6&ft=_.eD_3-NSupc0riXXbvb4e2Ee9IHJOs3-Hb4w7nXZA8BBcIeMfVnJVrzvjTQ&mime_type=video_mp4&qs=11&rc=ZTQ2Z2U3Omc5M2ZkZTozZEBpMzllMzs6Zmo6ajMzNGkzM0A0YS1iM2AzNjExNi9iLjExYSNrcjVscjQwcWBgLS1kLWFzcw%3D%3D&btag=c0000e00018000&cquery=100w_100B_100x_100z_100o&dy_q=1719513095&feature_id=d65f473b4463b6315c21eb3d7c571218&l=20240628023135688A72F989C2BB55E385&__vid=7212654445866274082
车前草，这个名字的由来你知道吗？#乡村守护人 #三农,https://www.douyin.com/video/7211027312878325027,https://p3-pc-sign.douyinpic.com/tos-cn-i-0813/53c455bbb24f4bdcb13ac22de2266e15~tplv-dy-cropcenter:323:430.jpeg?biz_tag=pcweb_cover&from=3213915784&s=PackSourceEnum_PUBLISH&sc=cover&se=true&sh=323_430&x-expires=2032966800&x-signature=f5MVBCyP8jtoArDQRwvEAh0Emsc%3D,2800,78,435,218,https://v5-dy-o-abtest.zjcdn.com/6b4f575bae7773002dc2c23db3600cf0/667dcc51/video/tos/cn/tos-cn-ve-15c001-alinc2/ocAAENrSKgi9zREUQjHhAeBNuAEfIcM0kZa0xo/?a=6383&ch=26&cr=3&dr=0&lr=all&cd=0%7C0%7C0%7C3&cv=1&br=1200&bt=1200&cs=2&ds=6&ft=_.eD_3-NSupc0riXXbvb4e2EebIHJOs3-Hb4w7nXZA8BBcIeMfVnJVrzvjTQ&mime_type=video_mp4&qs=11&rc=PDo6PDk1aGgzOzY1ZDpkaUBpM3NmZzo6ZmllajMzNGkzM0BhXjYtMmM2NjIxMy1fXzUyYSMvaDFucjQwYTZgLS1kLWFzcw%3D%3D&btag=80000e00018000&cc=46&cquery=100w_100B_100x_100z_100o&dy_q=1719513105&feature_id=d65f473b4463b6315c21eb3d7c571218&l=2024062802314563A897082245623486F4&req_cdn_type=&__vid=7211027312878325027
车前草你认识吗？原来还可以晒干泡茶。#乡村守护人 #农村生活 #农村美食,https://www.douyin.com/video/7202982329483070754,https://p3-pc-sign.douyinpic.com/tos-cn-p-0015/oMwR1caPHCiU0f54HtGEFAhCBB5Y27fAk7ASfm~tplv-dy-cropcenter:323:430.jpeg?biz_tag=pcweb_cover&from=3213915784&s=PackSourceEnum_PUBLISH&sc=cover&se=true&sh=323_430&x-expires=2032966800&x-signature=CGznRtoKcCKd2%2FgqHHgDy7MttBA%3D,7028,200,1526,1100,https://v5-hl-tx-ov.douyinvod.com/c4e16b7ea22aa7332a60716963faa0a8/667dcc5d/video/tos/cn/tos-cn-ve-15c001-alinc2/o89PkAzcAKHR6AejYiN8DI89hBSbeYAY1gnjAB/?a=6383&ch=26&cr=3&dr=0&lr=all&cd=0%7C0%7C0%7C3&cv=1&br=1422&bt=1422&cs=2&ds=6&ft=_.eD_3-NSupc0riXXbvb4e2EehIHJOs3-Hb4w7nXZA8BBcIeMfVnJVrzvjTQ&mime_type=video_mp4&qs=11&rc=NWgzNjVoPDs2ZGU2Zzo3M0BpM2h2ODU6ZmY1aTMzNGkzM0AxYDRjYTYuXzYxXjQ1NS02YSNncjFkcjRvMW9gLS1kLWFzcw%3D%3D&btag=c0000e00018000&cquery=100o_100w_100B_100x_100z&dy_q=1719513115&feature_id=d65f473b4463b6315c21eb3d7c571218&l=202406280231559AF972E35956A849C5D9&__vid=7202982329483070754
车前草#农村生活 #荆楚粮油庆丰收  @荆楚粮油,https://www.douyin.com/video/7155848887930981666,https://p3-pc-sign.douyinpic.com/tos-cn-p-0015/ee416e57439144a584bc80e9ec42799e~tplv-dy-cropcenter:323:430.jpeg?biz_tag=pcweb_cover&from=3213915784&s=PackSourceEnum_PUBLISH&sc=cover&se=true&sh=323_430&x-expires=2032966800&x-signature=0R0eyY%2BRDT6xGyADF8oRgd0pNlg%3D,6530,328,684,368,https://v5-dy-o-abtest.zjcdn.com/274809aefde81769bedc89df4c63e260/667dcc62/video/tos/cn/tos-cn-ve-15c001-alinc2/bf10189426c8419e91ccf61e4ffcb8c7/?a=6383&ch=26&cr=3&dr=0&lr=all&cd=0%7C0%7C0%7C3&cv=1&br=2691&bt=2691&cs=0&ds=6&ft=_.eD_3-NSupc0riXXbvb4e2EemIHJOs3-Hb4w7nXZA8BBcIeMfVnJVrzvjTQ&mime_type=video_mp4&qs=0&rc=OGZlODc6aWg5NztkOjlnNkBpang6d2U6ZjpkZzMzNGkzM0AwYy82Ni8zXjIxMzJfMjAyYSM0bTBlcjRfcDRgLS1kLWFzcw%3D%3D&btag=c0000e00018000&cc=46&cquery=100x_100z_100o_100w_100B&dy_q=1719513124&l=20240628023204C8732A9BA3F31D537750&req_cdn_type=&__vid=7155848887930981666
车前草  玉米须#西瓜知识,https://www.douyin.com/video/7126930436986555656,https://p3-pc-sign.douyinpic.com/tos-cn-p-0000/d236ee736b414cfa896d6c685d0d7552~tplv-dy-cropcenter:323:430.jpeg?biz_tag=pcweb_cover&from=3213915784&s=PackSourceEnum_PUBLISH&sc=cover&se=true&sh=323_430&x-expires=2032966800&x-signature=h0YjHOAXdU0rsidn%2FMNku304%2BqY%3D,23000,865,6248,2387,https://v5-dy-o-abtest.zjcdn.com/960722476b07f593114eed45d2284f17/667dcc6d/video/tos/cn/tos-cn-ve-15c001-alinc2/1bd1b738f9294efdb48bd81e5a2b599f/?a=6383&ch=26&cr=3&dr=0&lr=all&cd=0%7C0%7C0%7C3&cv=1&br=3116&bt=3116&cs=0&ds=6&ft=_.eD_3-NSupc0riXXbvb4e2EerIHJOs3-Hb4w7nXZA8BBcIeMfVnJVrzvjTQ&mime_type=video_mp4&qs=0&rc=Mzs6PDk5OTc1NzlpNDs4aEBpM3lqd2k6Znl5ZTMzNGkzM0AvYl9gMzItNmMxXi4yNGJhYSNpbmdpcjRvL2dgLS1kLS9zcw%3D%3D&btag=c0000e00018000&cc=46&cquery=100o_100w_100B_101l_102u&dy_q=1719513134&l=20240628023214DA470FD3E47433511340&req_cdn_type=&__vid=7126930436986555656
车前草是一种美味的野菜。#西瓜知识,https://www.douyin.com/video/7123892531783306510,https://p3-pc-sign.douyinpic.com/tos-cn-p-0000/c12cbf57eff141ffbcf0a4637a3cec14~tplv-dy-cropcenter:323:430.jpeg?biz_tag=pcweb_cover&from=3213915784&s=PackSourceEnum_PUBLISH&sc=cover&se=true&sh=323_430&x-expires=2032966800&x-signature=4hs69E3%2BA6hzm8zA3qr4dHYjiZ8%3D,2437,97,477,276,https://v5-hl-tx-ov.douyinvod.com/7cbb6e9d5d25b1a9f9bb170fdf23a796/667dcc78/video/tos/cn/tos-cn-ve-15c001-alinc2/b041d742cc074f078388080ead43e2d8/?a=6383&ch=26&cr=3&dr=0&lr=all&cd=0%7C0%7C0%7C3&cv=1&br=2986&bt=2986&cs=0&ds=6&ft=_.eD_3-NSupc0riXXbvb4e2Ee4IHJOs3-Hb4w7nXZA8BBcIeMfVnJVrzvjTQ&mime_type=video_mp4&qs=0&rc=ODo1NzNnaGc3ZTs2ZmY6ZUBpM2w4azc6ZjRsZTMzNGkzM0BhNS9gYWAvXjExMC4tNF82YSMvMmMucjRvYWJgLS1kLS9zcw%3D%3D&btag=c0000e00018000&cquery=100w_100B_101l_102u_100o&dy_q=1719513145&l=2024062802322402A7876AE6CE63552A0B&__vid=7123892531783306510
车前草又叫蛤蟆衣、车轱辘菜。#西瓜知识,https://www.douyin.com/video/7119802588010155300,https://p3-pc-sign.douyinpic.com/tos-cn-p-0000/15607c0b3e264eb2a4450a7e7b1d994b~tplv-dy-cropcenter:323:430.jpeg?biz_tag=pcweb_cover&from=3213915784&s=PackSourceEnum_PUBLISH&sc=cover&se=true&sh=323_430&x-expires=2032966800&x-signature=9BFrFvOvcAv%2BEhY%2FZwJcRzuJCzI%3D,1641,106,276,212,https://v5-hl-tx-ov.douyinvod.com/841e3877bc9bea150f73bc2a7b19bfcc/667dcc7f/video/tos/cn/tos-cn-ve-15c001-alinc2/2657ccb7a1964778bc1981f01195ac42/?a=6383&ch=26&cr=3&dr=0&lr=all&cd=0%7C0%7C0%7C3&cv=1&br=3138&bt=3138&cs=0&ds=6&ft=_.eD_3-NSupc0riXXbvb4e2EeOxHJOs3-Hb4w7nXZA8BBcIeMfVnJVrzvjTQ&mime_type=video_mp4&qs=0&rc=ZTZkODVkN2hkZmlmZmQ2OEBpMzk3czs6Zmk8ZTMzNGkzM0BjM2FjNDQ0NTIxYjZiNDEuYSNjaG5gcjRvcTRgLS1kLS9zcw%3D%3D&btag=80000e00010000&cquery=100w_100B_101l_102u_100o&dy_q=1719513155&l=20240628023235C6A5FD8F76627F33C37D&__vid=7119802588010155300
车前草是一种同株异药的植物 #植物科普,https://www.douyin.com/video/7360090870533737762,https://p3-pc-sign.douyinpic.com/tos-cn-p-0015/o8m7DbkTeBjEEAf9GAOI68FBqJAPgFN8VuSzhB~tplv-dy-cropcenter:323:430.jpeg?biz_tag=pcweb_cover&from=3213915784&s=PackSourceEnum_PUBLISH&sc=cover&se=true&sh=323_430&x-expires=2032970400&x-signature=PJQTbaysDGII5F30gLNvouKJiDE%3D,1090,43,107,44,https://v5-dy-o-abtest.zjcdn.com/440164c6669c3721897707f4b5288f26/667dcc90/video/tos/cn/tos-cn-ve-15c001-alinc2/oopAudnG8HG8JnIel9YCABdAPZeQIDgbgmEo1D/?a=6383&ch=26&cr=3&dr=0&lr=all&cd=0%7C0%7C0%7C3&cv=1&br=913&bt=913&cs=2&ds=6&ft=_.eD_3-NSupc0riXXbvb4e2Ee_xHJOs3-Hb4w7nXZA8BBcIeMfVnJVrzvjTQ&mime_type=video_mp4&qs=11&rc=ODY0NGk7ODhlMzRoPDkzNUBpajZ2eDk6Zmk3cjMzNGkzM0BeY2FjNWM1NTIxL2EyMzA2YSMtcWU2cjQwa2ZgLS1kLTBzcw%3D%3D&btag=c0000e00018000&cc=46&cquery=100o_100w_100B_100x_100z&dy_q=1719513166&feature_id=9bcd3da4752f92402ca306ab9cd46f9b&l=20240628023246DE9AA08C0630124694B9&req_cdn_type=&__vid=7360090870533737762
车前草又叫猪耳朵草，是童年挖来换零钱的植物#新农人计划2022 #农村生活 ,https://www.douyin.com/video/7089216524191321344,https://p3-pc-sign.douyinpic.com/tos-cn-p-0015/ddca438c56a3466fa3708388dd139224~tplv-dy-cropcenter:323:430.jpeg?biz_tag=pcweb_cover&from=3213915784&s=PackSourceEnum_PUBLISH&sc=cover&se=true&sh=323_430&x-expires=2032970400&x-signature=NOMtRjeb590oMwQAVloIEhrJiLg%3D,11000,722,1244,983,https://v5-hl-tx-ov.douyinvod.com/50c280d3f39b342964c4fe46d76d9952/667dcc9f/video/tos/cn/tos-cn-ve-15c001-alinc2/e837b78aeb894232ba4e3ea55e151561/?a=6383&ch=26&cr=3&dr=0&lr=all&cd=0%7C0%7C0%7C3&cv=1&br=3463&bt=3463&cs=0&ds=6&ft=_.eD_3-NSupc0riXXbvb4e2EesxHJOs3-Hb4w7nXZA8BBcIeMfVnJVrzvjTQ&mime_type=video_mp4&qs=0&rc=N2RnOTpmOzQzaTdkPGlnO0BpanQ0bmc6ZmR5PDMzNGkzM0A1MmEtYS0zNTIxNmMwM2M1YSNiX19ocjRfNWRgLS1kLWFzcw%3D%3D&btag=80000e00018000&cquery=102u_100o_100w_100B_100x&dy_q=1719513177&l=202406280232575407D151C54599336E28&__vid=7089216524191321344
这些珍贵的草本植物，你能认识几种，天门冬：金刚藤：文王一只笔：千金菝：土茯苓、五倍子、何首乌、野百合、香蒲、马齿苋、前胡、金刚藤、车前草、地蚕、仙鹤草、猫眼草、铜钱草、大蓟、商陆#识百草 #草本植物 #那些很有乡野气息的植物,https://www.douyin.com/video/7312467017410284809,https://p3-pc-sign.douyinpic.com/tos-cn-p-0015/7bc3dbae9d5a4b56b3a97d670af75c9a_1702566455~tplv-dy-cropcenter:323:430.jpeg?biz_tag=pcweb_cover&from=3213915784&s=PackSourceEnum_PUBLISH&sc=cover&se=true&sh=323_430&x-expires=2032966800&x-signature=AF0NAlwpjHeSJZufRfPnDkQeiIk%3D,9184,296,4990,1782,https://v5-dy-o-abtest.zjcdn.com/b0387d57a3140871bd6e52f31b9a0b45/667dccb2/video/tos/cn/tos-cn-ve-15/o48VhyPvgyLeAIunyPEBlHfsAwA7DYNGBtQQzu/?a=6383&ch=26&cr=3&dr=0&lr=all&cd=0%7C0%7C0%7C3&br=2690&bt=2690&cs=0&ds=3&ft=_.eD_3-NSupc0riXXbvb4e2EecxHJOs3-Hb4w7nXZA8BBcIeMfVnJVrzvjTQ&mime_type=video_mp4&qs=0&rc=NGdnNTRkZmZmOGQzZWdpM0BpM2d1PGU6ZnhrbzMzNGkzM0BhLjAyL2BgXjIxYDE1YDMwYSM1LmFtcjQwZnFgLS1kLTBzcw%3D%3D&btag=c0000e00020000&cc=46&cquery=100z_100o_100w_100B_100x&dy_q=1719513187&feature_id=f0150a16a324336cda5d6dd0b69ed299&l=202406280233073E2B13F6B990AD483F37&req_cdn_type=&__vid=7312467017410284809
#传统文化 大禹治水的功臣：车前草！#涨知识 #小故事 ,https://www.douyin.com/video/7075899922200939813,https://p3-pc-sign.douyinpic.com/tos-cn-p-0015/32d2b870d4d24071b3d7c7345294deea~tplv-dy-cropcenter:323:430.jpeg?biz_tag=pcweb_cover&from=3213915784&s=PackSourceEnum_PUBLISH&sc=cover&se=true&sh=323_430&x-expires=2032966800&x-signature=fYQKJsDnoSUsk3greZGNnnvf4YA%3D,423,15,29,76,https://v5-dy-o-abtest.zjcdn.com/8d0bf449d620fbee11a5bc0964daae16/667dccfc/video/tos/cn/tos-cn-ve-15c001-alinc2/e9ed1180cd8144ee897337462bc51ba8/?a=6383&ch=26&cr=3&dr=0&lr=all&cd=0%7C0%7C0%7C3&cv=1&br=506&bt=506&cs=0&ds=6&ft=_.eD_3-NSupc0riXXbvb4e2EeGxHJOs3-Hb4w7nXZA8BBcIeMfVnJVrzvjTQ&mime_type=video_mp4&qs=0&rc=OWQzZjw5OzNkN2hkOGgzNkBpajlnNWc6ZjxkOzMzNGkzM0AvMi1gMWJgXi0xL18tX2IuYSMzL15fcjRnXm1gLS1kLS9zcw%3D%3D&btag=c0000e00028000&cc=46&cquery=100B_100H_102u_100o_100w&dy_q=1719513201&l=202406280233212115E7625F32D051CA21&req_cdn_type=&__vid=7075899922200939813
第一集| 车前草传说典故#中医养生 ,https://www.douyin.com/video/7069756608447843591,https://p3-pc-sign.douyinpic.com/tos-cn-p-0015/a12ca8512dc14ed58d9b41e37d39eb71~tplv-dy-cropcenter:323:430.jpeg?biz_tag=pcweb_cover&from=3213915784&s=PackSourceEnum_PUBLISH&sc=cover&se=true&sh=323_430&x-expires=2032963200&x-signature=spnzVJC95B%2BIF7toT4IramvJox4%3D,20,3,4,4,https://v5-hl-tx-ov.douyinvod.com/370e9f249c1e8c6b5051f3ad0bb332d8/667dccec/video/tos/cn/tos-cn-ve-0015c800/6f0b8bc43bbc46d5af02c6f42b6b3b3c/?a=6383&ch=26&cr=3&dr=0&lr=all&cd=0%7C0%7C0%7C3&br=428&bt=428&cs=0&ds=3&ft=_.eD_3-NSupc0riXXbvb4e2EeuxHJOs3-Hb4w7nXZA8BBcIeMfVnJVrzvjTQ&mime_type=video_mp4&qs=0&rc=NjY7NTllZDszOWc2aDpkO0BpamU2O2k6ZmhnOzMzNGkzM0AzNTIvXmJgNS8xNDNjXl40YSNicGlecjQwMGJgLS1kLS9zcw%3D%3D&btag=80000e00028000&cquery=100x_102u_100o_100w_100B&dy_q=1719513212&l=202406280233322A5D6B6397365432B185&__vid=7069756608447843591
#车前草的功效与作用 ,https://www.douyin.com/video/7069748699211091213,https://p3-pc-sign.douyinpic.com/tos-cn-p-0015/9c12bc84460b4b55a1e5d76ab0599266~tplv-dy-cropcenter:323:430.jpeg?biz_tag=pcweb_cover&from=3213915784&s=PackSourceEnum_PUBLISH&sc=cover&se=true&sh=323_430&x-expires=2032963200&x-signature=avR13sQFELeIuzU%2FONESPl44mNs%3D,22,1,8,13,https://v5-hl-tx-ov.douyinvod.com/e0e5bffd6322eff8ea6d4f27044139ab/667dccc1/video/tos/cn/tos-cn-ve-0015c800/0cd6f2b5270c494cbedc9a821b30feb9/?a=6383&ch=26&cr=3&dr=0&lr=all&cd=0%7C0%7C0%7C3&cv=1&br=468&bt=468&cs=0&ds=3&ft=_.eD_3-NSupc0riXXbvb4e2Ee9FHJOs3-Hb4w7nXZA8BBcIeMfVnJVrzvjTQ&mime_type=video_mp4&qs=0&rc=Zjc3ZTY0NjdmPDQzaGQ6OkBpajNoamg6ZnFmOzMzNGkzM0AuX2AwLmNiXy8xNmMxXjQtYSNrMGEvcjRfaWJgLS1kLS9zcw%3D%3D&btag=c0000e00010000&cquery=102u_100o_100w_100B_100x&dy_q=1719513223&l=202406280233433827FC98973A7456E8C8&__vid=7069748699211091213
车前草茶是车前科车前属一年或二年生草本植物，广泛分布，遍及各地你有喝过车前草茶吗？#车前草,https://www.douyin.com/video/7366549584664890651,https://p3-pc-sign.douyinpic.com/tos-cn-p-0015/oEE1yeBzNH7P5faMOMMzdgCACCAtAZjgxIjFhZ~tplv-dy-cropcenter:323:430.jpeg?biz_tag=pcweb_cover&from=3213915784&s=PackSourceEnum_PUBLISH&sc=cover&se=true&sh=323_430&x-expires=2032966800&x-signature=80nCikjkyhA5cq6RQjshZG%2BeiQQ%3D,218,5,66,30,https://v5-hl-tx-ov.douyinvod.com/ebbdd9880aac8282bcf76cb68afb7f69/667dccdc/video/tos/cn/tos-cn-ve-15/oE2YdeB9CnmROiAyggNLA3E0QbEzGRADflIKzg/?a=6383&ch=26&cr=3&dr=0&lr=all&cd=0%7C0%7C0%7C3&cv=1&br=1287&bt=1287&cs=2&ds=6&ft=_.eD_3-NSupc0riXXbvb4e2EejFHJOs3-Hb4w7nXZA8BBcIeMfVnJVrzvjTQ&mime_type=video_mp4&qs=11&rc=NDVoaTo0NGVkNztkNzdkaUBpMzU4a2g6ZmZtcjMzNGkzM0A0MV8zXzViXy4xX18yXjIyYSMzaGJlcjRvbXFgLS1kLS9zcw%3D%3D&btag=c0000e00018000&cquery=100x_100z_100o_100w_100B&dy_q=1719513235&feature_id=8129a1729e50e93a9e951d2e5fa96ae4&l=20240628023355E9361FAE4257BD492D7A&__vid=7366549584664890651
路边不起眼的车前草，原来价值那么厉害��你们知道吗？,https://www.douyin.com/video/7306797888724667667,https://p9-pc-sign.douyinpic.com/tos-cn-p-0015/owVZzNLfAhODIg9moClgfBOmEE9vA4u8VABwQa~tplv-dy-cropcenter:323:430.jpeg?biz_tag=pcweb_cover&from=3213915784&s=PackSourceEnum_PUBLISH&sc=cover&se=true&sh=323_430&x-expires=2032966800&x-signature=89KzlwA1QYIcq1NLIy9SeFl0Py8%3D,272,16,82,45,https://v5-hl-tx-ov.douyinvod.com/822bd2961c3a920233824fcff54ca4b0/667dccea/video/tos/cn/tos-cn-ve-15/o8zDhedgQQXDMSmENNJnbC42reAegbeAK9FVIc/?a=6383&ch=26&cr=3&dr=0&lr=all&cd=0%7C0%7C0%7C3&cv=1&br=1010&bt=1010&cs=2&ds=6&ft=_.eD_3-NSupc0riXXbvb4e2Ee0FHJOs3-Hb4w7nXZA8BBcIeMfVnJVrzvjTQ&mime_type=video_mp4&qs=11&rc=ZDY3Ojs0Nmk2aGU4O2Q6ZkBpMzk1NmU6ZnlpbzMzNGkzM0AwLmMzYGMxNjIxMWMtMzRhYSNycWZocjRnXmdgLS1kLTBzcw%3D%3D&btag=80000e00018000&cquery=100w_100B_100x_100z_100o&dy_q=1719513248&feature_id=372716a7b3ae6b80fcb42f8f6465de20&l=20240628023408019C609897A9FE3383A0&__vid=7306797888724667667
每年秋天我们都会采收秋季刚刚长出来的车前草 用来炒制成有价值的车前草茶#车前草 #植物科普 #车前草茶,https://www.douyin.com/video/7297164626184146210,https://p3-pc-sign.douyinpic.com/tos-cn-p-0015/o0AK6ylBqW4hAvfeamICbVADivgtHHAE1VoEJz~tplv-dy-cropcenter:323:430.jpeg?biz_tag=pcweb_cover&from=3213915784&s=PackSourceEnum_PUBLISH&sc=cover&se=true&sh=323_430&x-expires=2032966800&x-signature=nnYiwR5II1IGoIpwJ%2FPeLRh%2FRMU%3D,193,4,44,26,https://v5-dy-o-abtest.zjcdn.com/70a82ae2a4c0968a9200b3d1df2b6c72/667dcce8/video/tos/cn/tos-cn-ve-15c001-alinc2/ogqydl4iEA1AQe1ugIfHovDzHtKmW4lhAABZEE/?a=6383&ch=26&cr=3&dr=0&lr=all&cd=0%7C0%7C0%7C3&cv=1&br=1315&bt=1315&cs=2&ds=6&ft=_.eD_3-NSupc0riXXbvb4e2EefFHJOs3-Hb4w7nXZA8BBcIeMfVnJVrzvjTQ&mime_type=video_mp4&qs=11&rc=Omk8OTczaTU1Njk0OmU5NkBpajk8NTM6ZjZlbzMzNGkzM0A2MDZhMDFfXjUxYTZiMF9iYSMwYWhpcjRvbC9gLS1kLTBzcw%3D%3D&btag=c0000e00018000&cc=46&cquery=100B_100x_100z_100o_100w&dy_q=1719513258&feature_id=372716a7b3ae6b80fcb42f8f6465de20&l=202406280234174BB1375642DD01495D6F&req_cdn_type=&__vid=7297164626184146210
把植物印在纸上-车前草#中草药 #植物 #中医药文化进校园 ,https://www.douyin.com/video/7134623551763582249,https://p3-pc-sign.douyinpic.com/tos-cn-p-0015/43ac1f2c574f403abb84b1cbfd8f83f8~tplv-dy-cropcenter:323:430.jpeg?biz_tag=pcweb_cover&from=3213915784&s=PackSourceEnum_PUBLISH&sc=cover&se=true&sh=323_430&x-expires=2032963200&x-signature=rVNr0wnXzzfwMxF8E0plAl6X3l0%3D,68,2,16,2,https://v5-dy-o-abtest.zjcdn.com/19178bdac3184355d3ea5d83e1d2a2fd/667dcd49/video/tos/cn/tos-cn-ve-0015c800/f0e688cdf0ce43fc8b78e2fe7c7fa0e1/?a=6383&ch=26&cr=3&dr=0&lr=all&cd=0%7C0%7C0%7C3&cv=1&br=896&bt=896&cs=0&ds=3&ft=_.eD_3-NSupc0riXXbvb4e2EeCFHJOs3-Hb4w7nXZA8BBcIeMfVnJVrzvjTQ&mime_type=video_mp4&qs=0&rc=PGVoZTplNDxpZ2RlNzc2ZkBpanQ5aDc6ZjVuZjMzNGkzM0AzMTNeMS5gNTYxXzE2My02YSMxZWljcjRvXy5gLS1kLWFzcw%3D%3D&btag=c0000e00028000&cc=46&cquery=100w_100B_100x_100z_100o&dy_q=1719513268&l=202406280234278AB0A41CF8E8E753D85E&req_cdn_type=&__vid=7134623551763582249
车前草：味甘，性寒。具有利尿、清热、明目、祛痰的功效。幼株可食用；#中草药 #草药知识 @抖音小助手,https://www.douyin.com/video/6854083937568853263,https://p9-pc-sign.douyinpic.com/tos-cn-p-0015/b28f656dc3be427188cfb7395f73328b_1595840781~tplv-dy-cropcenter:323:430.jpeg?biz_tag=pcweb_cover&from=3213915784&s=PackSourceEnum_PUBLISH&sc=cover&se=true&sh=323_430&x-expires=2032963200&x-signature=aXWotx3WxZMnqOeNaV4ICinJaMw%3D,41,1,15,9,https://v5-hl-tx-ov.douyinvod.com/4a9e87234c22c87aa184496cf8a32c9a/667dcd09/video/tos/cn/tos-cn-ve-0015c801/5b9f07bc38d64283b5a6dc9c7e91b0a2/?a=6383&ch=26&cr=3&dr=0&lr=all&cd=0%7C0%7C0%7C3&br=357&bt=357&cs=0&ds=6&ft=_.eD_3-NSupc0riXXbvb4e2EeU5HJOs3-Hb4w7nXZA8BBcIeMfVnJVrzvjTQ&mime_type=video_mp4&qs=0&rc=NjdmODZmZjw4NDk7ZjlkNkBpanZmZjVlNGY8djMzNmkzM0BgMTA1YWMyXy8xXy5iLTEuYSNka2dhM2RwY2NfLS0tLS9zcw%3D%3D&btag=c0000e00018000&cquery=100w_100B_100x_102u_100o&dy_q=1719513281&l=202406280234414C883F225709BD530657&__vid=6854083937568853263
车前草经常长在路边的草，懂它的老人都会把它挖回家。#你的家乡有这种植物吗 #大自然的馈赠 #识百草 #新农人计划2023  #农村生活,https://www.douyin.com/video/7251139662670990629,https://p3-pc-sign.douyinpic.com/tos-cn-i-dy/f01ecf667fdf4c4eb738cef2dbcadfaa~tplv-dy-cropcenter:323:430.jpeg?biz_tag=pcweb_cover&from=3213915784&s=PackSourceEnum_PUBLISH&sc=cover&se=true&sh=323_430&x-expires=2032963200&x-signature=7xF1CLdS7JUCAnr6aaJ%2BJe5c%2FdU%3D,595,48,173,76,https://v5-hl-tx-ov.douyinvod.com/259ce887225d31d77d69c476c4d7ca65/667dcd1a/video/tos/cn/tos-cn-ve-15c001-alinc2/ocH4QbPenBWJeryBehDPm2I0QCEEk1OACr74zA/?a=6383&ch=26&cr=3&dr=0&lr=all&cd=0%7C0%7C0%7C3&cv=1&br=1293&bt=1293&cs=2&ds=6&ft=_.eD_3-NSupc0riXXbvb4e2Ee65HJOs3-Hb4w7nXZA8BBcIeMfVnJVrzvjTQ&mime_type=video_mp4&qs=11&rc=NjQ5OzZlOWg7PGY0aTU1ZUBpamk7OjQ6ZnltbDMzNGkzM0A0LTEvNi80NS4xYC1hNjUwYSNucGo2cjRnYGRgLS1kLS9zcw%3D%3D&btag=c0000e00020000&cquery=100o_100w_100B_100H_100K&dy_q=1719513290&feature_id=e585bce62f14c124a0ac1450c3a95af2&l=20240628023450310A0D0D4F8BB34A3A70&__vid=7251139662670990629
你有没有见过长得像猪耳朵的草？#植物科普 #三农 #车前草 #一日一植物 #嵩医,https://www.douyin.com/video/7360615770231000329,https://p3-pc-sign.douyinpic.com/tos-cn-i-dy/83fe00469e774e8abb863252c9e2686c~tplv-dy-cropcenter:323:430.jpeg?biz_tag=pcweb_cover&from=3213915784&s=PackSourceEnum_PUBLISH&sc=cover&se=true&sh=323_430&x-expires=2032963200&x-signature=1IVRnYswczkJ4pbRlETN6J2Rh2s%3D,7298,533,1408,557,https://v5-hl-tx-ov.douyinvod.com/ccfd6cfd2b7a79d9e9c06f3c6c1ae0f9/667dcd29/video/tos/cn/tos-cn-ve-15/oEmJxERfILiwBPSAQNNO7AAcg9ezuCbvng2njD/?a=6383&ch=26&cr=3&dr=0&lr=all&cd=0%7C0%7C0%7C3&cv=1&br=1040&bt=1040&cs=2&ds=6&ft=_.eD_3-NSupc0riXXbvb4e2EeQ5HJOs3-Hb4w7nXZA8BBcIeMfVnJVrzvjTQ&mime_type=video_mp4&qs=11&rc=aWU2ZjgzaWllOzloM2lkOUBpMztmbzU6Zm01cjMzNGkzM0AyYDJeYTZiNTIxLmEvMF9jYSNwY3MxcjRfZWdgLS1kLS9zcw%3D%3D&btag=c0000e00020000&cquery=100K_100o_100w_100B_100H&dy_q=1719513302&feature_id=9bcd3da4752f92402ca306ab9cd46f9b&l=2024062802350167947DE83DBFAB50EC2A&__vid=7360615770231000329
#车前草 是个好东西，你认识它吗？#大自然的馈赠 #三农 #新农人计划 #植物科普 #嵩医,https://www.douyin.com/video/7236642347725917500,https://p3-pc-sign.douyinpic.com/tos-cn-i-dy/87a6157836704c1bbf678a1299180083~tplv-dy-cropcenter:323:430.jpeg?biz_tag=pcweb_cover&from=3213915784&s=PackSourceEnum_PUBLISH&sc=cover&se=true&sh=323_430&x-expires=2032963200&x-signature=Py8c6D7NXl0ypQoVgo%2F6DhXkjWA%3D,6136,330,1118,443,https://v5-hl-tx-ov.douyinvod.com/549ee6b7941b703ef681858ef3ae56ff/667dcd3b/video/tos/cn/tos-cn-ve-15c001-alinc2/oEQdG1PNeyhj9DAmBXztruftaVANgABIWmuHEA/?a=6383&ch=26&cr=3&dr=0&lr=all&cd=0%7C0%7C0%7C3&cv=1&br=1040&bt=1040&cs=2&ds=6&ft=_.eD_3-NSupc0riXXbvb4e2EeV5HJOs3-Hb4w7nXZA8BBcIeMfVnJVrzvjTQ&mime_type=video_mp4&qs=11&rc=ODo3ZzdlaDg2aGZmOzo2NUBpand4NDQ6ZnR1azMzNGkzM0BiMC41LzRjNmExXy4wMTQ1YSM0amZfcjRnYmpgLS1kLTBzcw%3D%3D&btag=c0000e00020000&cquery=100w_100B_100H_100K_100o&dy_q=1719513313&feature_id=22eebe935d739141bc75f57beca62d29&l=20240628023513DD06D992A3738447E692&__vid=7236642347725917500
男人仅仅是把病马栓在战车前，就发现马不再像之前那么病殃殃了，原来马是啃食了地面上生长的一种野草，病情才大为好转，而因为此草是在战车前发现的，因而最终也被取名为车前草#中医故事#动画解说#怀旧动画,https://www.douyin.com/video/7273435394304118074,https://p3-pc-sign.douyinpic.com/tos-cn-i-0813c001/oEhiiA9AEAANvIDwAkAgUl0SCCfdbbezD3H8MK~tplv-dy-cropcenter:323:430.jpeg?biz_tag=pcweb_cover&from=3213915784&s=PackSourceEnum_PUBLISH&sc=cover&se=true&sh=323_430&x-expires=2032966800&x-signature=%2FT2aajI6pGBYIWD8Dn2pTMNKVNQ%3D,9683,366,1617,673,https://v5-hl-tx-ov.douyinvod.com/3c780a0f6c6246820154fcb961990e01/667dcdbf/video/tos/cn/tos-cn-ve-15c001-alinc2/oE02QCEgmnAaeOM7dGeaA9kgPARghBq8IabkgD/?a=6383&ch=26&cr=3&dr=0&lr=all&cd=0%7C0%7C0%7C3&cv=1&br=283&bt=283&cs=2&ds=6&ft=_.eD_3-NSupc0riXXbvb4e2EeH5HJOs3-Hb4w7nXZA8BBcIeMfVnJVrzvjTQ&mime_type=video_mp4&qs=11&rc=OTk3M2Y5NWQ2PDU2Njo0NEBpM2puNGc6Zjw5bTMzNGkzM0AvY2MtMmNeNWIxLy4tNDAzYSNlZW01cjRnb2xgLS1kLS9zcw%3D%3D&btag=c0000e00028000&cquery=100B_100x_100z_100o_100w&dy_q=1719513323&feature_id=6196792ae99a4dcd15125650b652d361&l=2024062802352355A100B7BAA39649A670&__vid=7273435394304118074
中药材车前草的来历，观察是人类认识世界的首要方法啊。#传统文化 #中医药文化 #文化新说 #涨知识 #小故事  ,https://www.douyin.com/video/7121557028027354376,https://p3-sign.douyinpic.com/tos-cn-i-dy/20d33bbfe522409c874a551e377e42b6~noop.jpeg?biz_tag=aweme_video&from=3213915784&s=PackSourceEnum_PUBLISH&sc=optimized_cover&se=false&x-expires=1718816400&x-signature=U8jglAvpUqzdh29jJ4oI%2B8x%2FAoE%3D,79,7,22,15,https://v5-hl-tx-ov.douyinvod.com/014c5cea2e8adb8034bcbc22f8a3296e/667dcd80/video/tos/cn/tos-cn-ve-15c001-alinc2/55d116ae46c14c879670bd785136b7b3/?a=6383&ch=26&cr=3&dr=0&lr=all&cd=0%7C0%7C0%7C3&br=487&bt=487&cs=0&ds=3&ft=_.eD_3-NSupc0riXXbvb4e2Ee55HJOs3-Hb4w7nXZA8BBcIeMfVnJVrzvjTQ&mime_type=video_mp4&qs=0&rc=Z2g4Z2VnaDo7Ojo6NDQ3OkBpajpybTQ6Zm9nZTMzNGkzM0AwNDRjYzQzXl8xMi5jLzNeYSNmY25ycjRfZl5gLS1kLS9zcw%3D%3D&btag=80000e00028000&cquery=100o_100w_100B_100H_102u&dy_q=1719513333&l=202406280235332FAD6371D888B032673B&__vid=7121557028027354376
#一日一植物 你知道为什么叫车前草？ @抖音小助手 #寒假充电计划,https://www.douyin.com/video/6826688969653095684,https://p3-pc-sign.douyinpic.com/tos-cn-p-0015/aef0e925f10947d89e2ac3d72f8e7072_1589462415~tplv-dy-cropcenter:323:430.jpeg?biz_tag=pcweb_cover&from=3213915784&s=PackSourceEnum_PUBLISH&sc=cover&se=true&sh=323_430&x-expires=2032966800&x-signature=FRxgGWfytoBgzH8l8yqpsGV9lYo%3D,72000,2998,1624,9134,https://v5-hl-tx-ov.douyinvod.com/e0f0f49ef0e5a26df45c24473ecae6a2/667dcd7f/video/tos/cn/tos-cn-ve-15/4b6f82d952a84b2fad04e722c95accde/?a=6383&ch=26&cr=3&dr=0&lr=all&cd=0%7C0%7C0%7C3&cv=1&br=1502&bt=1502&cs=0&ds=6&ft=_.eD_3-NSupc0riXXbvb4e2Ee-yHJOs3-Hb4w7nXZA8BBcIeMfVnJVrzvjTQ&mime_type=video_mp4&qs=0&rc=Zjg3ZjM8aDw6ZmZkOjUzPEBpajNpNGh3ZDxudDMzZWkzM0AxYDAtNmMvNjExYjReYS0zYSNiZWRxamVxMHJfLS0zLS9zcw%3D%3D&btag=c0000e00028000&cquery=102v_102u_100o_100w_100B&dy_q=1719513344&l=2024062802354413664F28E1F14752F6CA&__vid=6826688969653095684
农村常见中草药�（一） 在农村你还见过哪些中草药植物呢#中药科普 #趣味本草 #纯天然 #车前草 #中草药大全,https://www.douyin.com/video/7357256469399473443,https://p3-pc-sign.douyinpic.com/tos-cn-p-0015/oQWBlAthXgDdzTCCCIBzePAoxTEGfgAazEkROa~tplv-dy-cropcenter:323:430.jpeg?biz_tag=pcweb_cover&from=3213915784&s=PackSourceEnum_PUBLISH&sc=cover&se=true&sh=323_430&x-expires=2032966800&x-signature=Nv8gCpmK8gVIWnqAgEafWPCeFWM%3D,211,2,87,17,https://v5-dy-o-abtest.zjcdn.com/4c1a98552c97ac61bbe452d58ccb2298/667dcd59/video/tos/cn/tos-cn-ve-15c001-alinc2/ocORzAEEzQzPggATIvkAB0TaCCf2eDlhVCDCtH/?a=6383&ch=26&cr=3&dr=0&lr=all&cd=0%7C0%7C0%7C3&cv=1&br=358&bt=358&cs=2&ds=6&ft=_.eD_3-NSupc0riXXbvb4e2EeByHJOs3-Hb4w7nXZA8BBcIeMfVnJVrzvjTQ&mime_type=video_mp4&qs=11&rc=Ojg0ODg4OmQ1aDdnZmloNEBpMzgzNzc6Zjw2cjMzNGkzM0BfLi8uM2NgXzMxYy9gYF8wYSMuc3AucjRvZ2FgLS1kLS9zcw%3D%3D&btag=c0000e00020000&cc=46&cquery=100w_100B_100x_100z_100o&dy_q=1719513353&feature_id=c6de0308cacfd993ef282c8e1c646267&l=2024062802355385B6C544689AE851E022&req_cdn_type=&__vid=7357256469399473443
十大农村常见药草 你都见过吗？最后一种你肯定认识#中药科普 #野生植物 #常见的中草药 #车前草 #中草药,https://www.douyin.com/video/7355032265816165632,https://p3-pc-sign.douyinpic.com/tos-cn-p-0015/oQCBEE3AwlxnG4XsBvw9uLbLA9AeSUDmgEfIp4~tplv-dy-cropcenter:323:430.jpeg?biz_tag=pcweb_cover&from=3213915784&s=PackSourceEnum_PUBLISH&sc=cover&se=true&sh=323_430&x-expires=2032966800&x-signature=lNxkWmThnUXxnGhKCIPIV9UhaTw%3D,530,12,355,68,https://v5-dy-o-abtest.zjcdn.com/2acfbb17e055294199e4f36368b49ad3/667dcd62/video/tos/cn/tos-cn-ve-15c001-alinc2/okQAk8mxlBE7AjnOIbpbCCggDSpveEvLTwLA9e/?a=6383&ch=26&cr=3&dr=0&lr=all&cd=0%7C0%7C0%7C3&cv=1&br=345&bt=345&cs=2&ds=6&ft=_.eD_3-NSupc0riXXbvb4e2EejyHJOs3-Hb4w7nXZA8BBcIeMfVnJVrzvjTQ&mime_type=video_mp4&qs=11&rc=PDk2ZWg7OTwzMzpkOzc2NkBpang2OWU6Zmw4cjMzNGkzM0A2XmE2YV5iX2AxYzU2MmEzYSNzNnNycjRvMjZgLS1kLS9zcw%3D%3D&btag=c0000e00020000&cc=46&cquery=100w_100B_100x_100z_100o&dy_q=1719513363&feature_id=c6de0308cacfd993ef282c8e1c646267&l=20240628023603ABE03AD76D9A074673A2&req_cdn_type=&__vid=7355032265816165632
常见的野菜大全（二） 挖野菜的季节到了，你已经开始挖野菜了吗#春天的味道 #蒲公英 #农村野菜 #摘野菜 #车前草,https://www.douyin.com/video/7352063408692284687,https://p3-pc-sign.douyinpic.com/tos-cn-p-0015/oEIhVxisEYCAC8BBtHJztAK9NSAfBNegxaTmI4~tplv-dy-cropcenter:323:430.jpeg?biz_tag=pcweb_cover&from=3213915784&s=PackSourceEnum_PUBLISH&sc=cover&se=true&sh=323_430&x-expires=2032966800&x-signature=N7KHuKAlJjustfsOqvzwStb8Fxo%3D,250,6,98,48,https://v5-hl-tx-ov.douyinvod.com/620416e32c4703efd1aff676fefafcfd/667dcd6b/video/tos/cn/tos-cn-ve-15c001-alinc2/oEHVBfPKA4A1idCDRAHEcIBRBT4e27sfMCcgAp/?a=6383&ch=26&cr=3&dr=0&lr=all&cd=0%7C0%7C0%7C3&cv=1&br=395&bt=395&cs=2&ds=6&ft=_.eD_3-NSupc0riXXbvb4e2EeyyHJOs3-Hb4w7nXZA8BBcIeMfVnJVrzvjTQ&mime_type=video_mp4&qs=11&rc=ZzQ0OGdmZjo0NmhpO2k5OEBpM2dwaDU6Zjx2cjMzNGkzM0AuYzVfMDJiNTUxNDRgLi4vYSMyMi9gcjRfYTBgLS1kLS9zcw%3D%3D&btag=80000e00020000&cquery=100z_100o_100w_100B_100x&dy_q=1719513374&feature_id=c6de0308cacfd993ef282c8e1c646267&l=2024062802361435E04A8153AF1433972C&__vid=7352063408692284687
车前草煮笨鸡蛋，夏天吃完一身汗。 #中药材 #三农 #大自然的馈赠 #我的乡村生活 #中药材种植基地,https://www.douyin.com/video/7366196500113657122,https://p9-pc-sign.douyinpic.com/tos-cn-p-0015/oYMTE8z23CzIfA87sB3QfLlI8cBkATbZkxfnDY~tplv-dy-cropcenter:323:430.jpeg?biz_tag=pcweb_cover&from=3213915784&s=PackSourceEnum_PUBLISH&sc=cover&se=true&sh=323_430&x-expires=2032963200&x-signature=6fJQ1hLAemdMRTcgxkCOZaS3zxM%3D,224,9,98,31,https://v5-dy-o-abtest.zjcdn.com/033a960ab06b2844d9b6227f74c77787/667dcd5e/video/tos/cn/tos-cn-ve-15/oQIzBGzD7Efb3xJYfAgfsIRcQA2Mksnxu3mB8C/?a=6383&ch=26&cr=3&dr=0&lr=all&cd=0%7C0%7C0%7C3&cv=1&br=1101&bt=1101&cs=2&ds=6&ft=_.eD_3-NSupc0riXXbvb4e2Ee2yHJOs3-Hb4w7nXZA8BBcIeMfVnJVrzvjTQ&mime_type=video_mp4&qs=11&rc=M2lpOTg4NjY4OmYzZGlkZ0BpM3M8dWU6Znd5cjMzNGkzM0AxXjYzYDA2XjAxLTY0YjZjYSNqa3IzcjRvbHBgLS1kLS9zcw%3D%3D&btag=c0000e00010000&cc=46&cquery=100w_100B_100x_100z_100o&dy_q=1719513383&feature_id=c6de0308cacfd993ef282c8e1c646267&l=202406280236222101EFD3F5E3344566C3&req_cdn_type=&__vid=7366196500113657122
车前草 #哪些野菜是中药 #中药材 #中草药知识,https://www.douyin.com/video/7364743819893427467,https://p3-pc-sign.douyinpic.com/tos-cn-p-0015/osmzB0Sgh14fic0ABg6EGS3bemOVzAEPANDIyC~tplv-dy-cropcenter:323:430.jpeg?biz_tag=pcweb_cover&from=3213915784&s=PackSourceEnum_PUBLISH&sc=cover&se=true&sh=323_430&x-expires=2032963200&x-signature=rDxPxXp1MwC%2BB7zNyDwjLLx2JZQ%3D,533,119,144,47,https://v5-hl-tx-ov.douyinvod.com/2137c01d9895b201b639169ea041b820/667dcd5c/video/tos/cn/tos-cn-ve-15c001-alinc2/oIgmIChzJ3NAiPMQ1zm0AySECBf5OeAGV1BFgg/?a=6383&ch=26&cr=3&dr=0&lr=all&cd=0%7C0%7C0%7C3&cv=1&br=855&bt=855&cs=2&ds=6&ft=_.eD_3-NSupc0riXXbvb4e2EeGyHJOs3-Hb4w7nXZA8BBcIeMfVnJVrzvjTQ&mime_type=video_mp4&qs=11&rc=ODY4O2U2ZzNnN2RoMzs8OEBpM2xwbWk6ZnRncjMzNGkzM0BiNDIwMWFjNi0xYjIwMjFjYSM2MmZvcjRnM25gLS1kLS9zcw%3D%3D&btag=c0000e00008000&cquery=100z_100o_100w_100B_100x&dy_q=1719513393&feature_id=c6de0308cacfd993ef282c8e1c646267&l=202406280236336AD9E1DB6C204A547723&__vid=7364743819893427467
乡间百草 百合，淫羊藿，虎杖，半夏，紫花地丁，车前草，天门冬，丹参，这些本草你见过几种？#植物科普 #识百草 #大自然的馈赠,https://www.douyin.com/video/7365820703830035764,https://p3-pc-sign.douyinpic.com/tos-cn-p-0015/oUNAeUmDA1SHThQxs60IECfefcgcQKziajaxYf~tplv-dy-cropcenter:323:430.jpeg?biz_tag=pcweb_cover&from=3213915784&s=PackSourceEnum_PUBLISH&sc=cover&se=true&sh=323_430&x-expires=2032970400&x-signature=WfBz%2BQM0KOahRD98gwp8n3ktYqg%3D,7135,315,2862,1056,https://v5-hl-tx-ov.douyinvod.com/c93e34a66c4bb6e6a0e8b58da76aa0e3/667dcd9c/video/tos/cn/tos-cn-ve-15/oU0HCIIEz3uNFBqlghN6AmQSwfHXJzAAqONea4/?a=6383&ch=26&cr=3&dr=0&lr=all&cd=0%7C0%7C0%7C3&cv=1&br=1140&bt=1140&cs=2&ds=6&ft=_.eD_3-NSupc0riXXbvb4e2EewyHJOs3-Hb4w7nXZA8BBcIeMfVnJVrzvjTQ&mime_type=video_mp4&qs=11&rc=NzlpZTRmZjw7ZGZkNztnOUBpajh5b2g6ZjdkcjMzNGkzM0AzMS4zLzQuXy4xX15eX2JeYSMzLnIwcjQwYXBgLS1kLS9zcw%3D%3D&btag=c0000e00028000&cquery=100z_100o_100w_100B_100x&dy_q=1719513402&feature_id=9bcd3da4752f92402ca306ab9cd46f9b&l=202406280236429416EB4AC9EAA9553B08&__vid=7365820703830035764
猴哥带你识本草：十大功劳，白英，天麻，紫苏，牛蒡，车前草，紫花地丁…这些植物你的家乡都叫它们什么名字呢？#中草药 #识百草 #大自然的馈赠,https://www.douyin.com/video/7344291670260780339,https://p3-pc-sign.douyinpic.com/tos-cn-p-0015/oEEsICAb9KM7Aknlte7NbOJOcocAXDIgCfCmBl~tplv-dy-cropcenter:323:430.jpeg?biz_tag=pcweb_cover&from=3213915784&s=PackSourceEnum_PUBLISH&sc=cover&se=true&sh=323_430&x-expires=2032970400&x-signature=EnzqbAYa2ZPHC16wDIhQZ3aOFwQ%3D,6112,224,2437,656,https://v5-dy-o-abtest.zjcdn.com/f915f3f0e5f0eea0190cc6c8c167d6eb/667dcd96/video/tos/cn/tos-cn-ve-15/o4AcKlCBaeoDAQ899cIg7yACZLgb4X5sRf7Qdn/?a=6383&ch=26&cr=3&dr=0&lr=all&cd=0%7C0%7C0%7C3&cv=1&br=826&bt=826&cs=2&ds=6&ft=_.eD_3-NSupc0riXXbvb4e2EeM8HJOs3-Hb4w7nXZA8BBcIeMfVnJVrzvjTQ&mime_type=video_mp4&qs=11&rc=NzZpNDo6aGVnPGY0MzgzNUBpM2hzPGg6Zjg1cTMzNGkzM0AvMGJhMzBhNS0xY2MuNi41YSNicmxfcjRvaGpgLS1kLS9zcw%3D%3D&btag=80000e00020000&cc=46&cquery=100w_100B_100x_100z_100o&dy_q=1719513412&feature_id=9bcd3da4752f92402ca306ab9cd46f9b&l=202406280236528E814160EE834933C21C&req_cdn_type=&__vid=7344291670260780339
跟着实拍识本草，回春草，白头翁，车前草，雄黄草…#识百草,https://www.douyin.com/video/7243727337295039803,https://p3-pc-sign.douyinpic.com/tos-cn-i-0813c001/24c664faefc246f2b7e56252f1a56ef8~tplv-dy-cropcenter:323:430.jpeg?biz_tag=pcweb_cover&from=3213915784&s=PackSourceEnum_PUBLISH&sc=cover&se=true&sh=323_430&x-expires=2032970400&x-signature=ZsvOHWwqbW3jxf5xKldfb%2BF2XL0%3D,6855,147,2580,1211,https://v5-dy-o-abtest.zjcdn.com/d63ee9f9b66e9c71f52c50ca01473db8/667dcdb0/video/tos/cn/tos-cn-ve-15c001-alinc2/osLrQt9wzAKyfZNAjGh53II5QBCEDNQgEFe3GA/?a=6383&ch=26&cr=3&dr=0&lr=all&cd=0%7C0%7C0%7C3&cv=1&br=1413&bt=1413&cs=2&ds=6&ft=_.eD_3-NSupc0riXXbvb4e2Ee_8HJOs3-Hb4w7nXZA8BBcIeMfVnJVrzvjTQ&mime_type=video_mp4&qs=11&rc=aWVkO2hnNzc7NDQ1Z2czNEBpandvdjc6ZmtobDMzNGkzM0AtMmI2YzMtXl8xXmFeLzUvYSMzLi4ucjRvMzBgLS1kLS9zcw%3D%3D&btag=c0000e00028000&cc=46&cquery=100x_100z_100o_100w_100B&dy_q=1719513422&feature_id=7cb96be549cb218b830a4e217d8b06f2&l=20240628023702CA79AF3DD8799947B77C&req_cdn_type=&__vid=7243727337295039803
车前草的品种，一共有几种呢？你们见过这种车前草吗？#采药人 #一日一植物 #车前草 ,https://www.douyin.com/video/7159039651137850660,https://p3-pc-sign.douyinpic.com/tos-cn-p-0015/ab29e34c5b1f4211b4756aa0158eaa57~tplv-dy-cropcenter:323:430.jpeg?biz_tag=pcweb_cover&from=3213915784&s=PackSourceEnum_PUBLISH&sc=cover&se=true&sh=323_430&x-expires=2032963200&x-signature=i703fG2oc73vdH4aEV0aEjteYkU%3D,111,31,30,17,https://v5-hl-tx-ov.douyinvod.com/dfa16f7d6b6c9b29a126dc44d6798d91/667dcd95/video/tos/cn/tos-cn-ve-15c001-alinc2/62c136f47f124aa7a2e8a549fcaa8a63/?a=6383&ch=26&cr=3&dr=0&lr=all&cd=0%7C0%7C0%7C3&cv=1&br=2576&bt=2576&cs=0&ds=3&ft=_.eD_3-NSupc0riXXbvb4e2Eeo8HJOs3-Hb4w7nXZA8BBcIeMfVnJVrzvjTQ&mime_type=video_mp4&qs=0&rc=Omg4OWZpOWVmZDxoNjQ1M0Bpamc0bzQ6Zm0zZzMzNGkzM0AuMGEwMjYyXzQxNDFiXy5gYSNfam4wcjRvNWFgLS1kLS9zcw%3D%3D&btag=80000e00010000&cquery=100o_100w_100B_100x_100z&dy_q=1719513434&l=2024062802371417305CDE5D48ED341045&__vid=7159039651137850660
在每年春季过后，车前草迅速生长，这个季节的车前草尤为的鲜嫩。你的家乡有车前草吗？管它叫什么名字呢？#车前草 #识百草 #大自然的馈赠 #植物 @抖音小助手,https://www.douyin.com/video/7354628765596552458,https://p3-pc-sign.douyinpic.com/tos-cn-p-0015/oAnsbAnEYjBAe89AmZhaMLDAgQeDBQUgAgNODO~tplv-dy-cropcenter:323:430.jpeg?biz_tag=pcweb_cover&from=3213915784&s=PackSourceEnum_PUBLISH&sc=cover&se=true&sh=323_430&x-expires=2032966800&x-signature=7%2F%2F%2BeACy9qnr%2B2PXQ0BdUcN4OJc%3D,5367,891,1091,550,https://v5-dy-o-abtest.zjcdn.com/24b09b9ddbad83c8241c17bcc2547bad/667dcdb1/video/tos/cn/tos-cn-ve-15c001-alinc2/o0ZhAVDD9DQbOMBYmgAOARXEgAZmANnefaHA8B/?a=6383&ch=26&cr=3&dr=0&lr=all&cd=0%7C0%7C0%7C3&cv=1&br=930&bt=930&cs=2&ds=6&ft=_.eD_3-NSupc0riXXbvb4e2Eec8HJOs3-Hb4w7nXZA8BBcIeMfVnJVrzvjTQ&mime_type=video_mp4&qs=11&rc=Nzo7MzdpNDVpODk2OzY6ZEBpMzszODY6ZjlocjMzNGkzM0BhMGEuMmIwNjIxMDYvMGEzYSNfNC1fcjRnMzVgLS1kLTBzcw%3D%3D&btag=c0000e00020000&cc=46&cquery=100o_100w_100B_100x_100z&dy_q=1719513443&feature_id=8129a1729e50e93a9e951d2e5fa96ae4&l=2024062802372377694DA67C99874702B0&req_cdn_type=&__vid=7354628765596552458
时光飞逝岁月如梭，这些童年里的植物你还记得吗？小时候管它们叫什么名字呢？#识百草 #萝藦 #车前草 #蒲公英 #你的家乡有这种植物吗 @抖音小助手,https://www.douyin.com/video/7348319817176206619,https://p3-pc-sign.douyinpic.com/tos-cn-p-0015/oEnLC0PfDsf8sP8AyAUQegxG7nrknBJSBbhgKG~tplv-dy-cropcenter:323:430.jpeg?biz_tag=pcweb_cover&from=3213915784&s=PackSourceEnum_PUBLISH&sc=cover&se=true&sh=323_430&x-expires=2032966800&x-signature=Q0NYm8vW%2BeACHBoUeunQrOWHCQ4%3D,182000,5324,131000,52000,https://v5-hl-tx-ov.douyinvod.com/d7598c105087eaeffc5bae78ad9227f2/667dcdbc/video/tos/cn/tos-cn-ve-15/oQArBkbnGgSb7sLBxfpgfeKn0CHAqDnh8AasRA/?a=6383&ch=26&cr=3&dr=0&lr=all&cd=0%7C0%7C0%7C3&cv=1&br=1154&bt=1154&cs=2&ds=6&ft=_.eD_3-NSupc0riXXbvb4e2Ee78HJOs3-Hb4w7nXZA8BBcIeMfVnJVrzvjTQ&mime_type=video_mp4&qs=11&rc=ZTRmZTY6aWYzaWVoZ2hkPEBpMzU3OTc6ZnU6cTMzNGkzM0BjNmJgNi9jNi4xYzQuMzU2YSNoamtqcjQwZ3FgLS1kLTBzcw%3D%3D&btag=c0000e00020000&cquery=100w_100B_100x_100z_100o&dy_q=1719513453&feature_id=8129a1729e50e93a9e951d2e5fa96ae4&l=20240628023733FEBBA4323D8DDA545393&__vid=7348319817176206619
这是我们身边常见的23种草本植物，很多人把它们的名字都忘了，今天和大家一起盘点一下。#地黄 #蒲公英 #车前草 ##大自然的馈赠 @抖音小助手,https://www.douyin.com/video/7346905951624088882,https://p3-pc-sign.douyinpic.com/tos-cn-p-0015/ogjgh46egmB9AE2BlRIrBGfiAoA1DrNdBOCvzT~tplv-dy-cropcenter:323:430.jpeg?biz_tag=pcweb_cover&from=3213915784&s=PackSourceEnum_PUBLISH&sc=cover&se=true&sh=323_430&x-expires=2032966800&x-signature=yR31h%2Bwpbw9YFC68G%2Fe655t67KA%3D,8641,562,5690,1960,https://v5-hl-tx-ov.douyinvod.com/ff88fa1059ef58b245b69996e3766299/667dcdc5/video/tos/cn/tos-cn-ve-15/oshr2F9AIAANmEP1QlYgBv4oDBfmOdezroCjQB/?a=6383&ch=26&cr=3&dr=0&lr=all&cd=0%7C0%7C0%7C3&cv=1&br=948&bt=948&cs=2&ds=6&ft=_.eD_3-NSupc0riXXbvb4e2EeP8HJOs3-Hb4w7nXZA8BBcIeMfVnJVrzvjTQ&mime_type=video_mp4&qs=11&rc=M2Q4aTs8Z2U0NjY4OmZkN0Bpamh0MzQ6ZmtxcTMzNGkzM0AuYy9eNC00NS4xYGMvYi82YSNrZGJwcjRnM25gLS1kLTBzcw%3D%3D&btag=80000e00020000&cquery=100B_100x_100z_100o_100w&dy_q=1719513463&feature_id=8129a1729e50e93a9e951d2e5fa96ae4&l=20240628023743651A6A6FC20D5E32B63D&__vid=7346905951624088882
这就是大名鼎鼎的车前草，知道它的人把它当成了宝。你知道它的价值吗？#植物科普 #车前草 #车前草茶 @抖音小助手,https://www.douyin.com/video/7253008637361229112,https://p9-pc-sign.douyinpic.com/tos-cn-i-0813c001/owNkkx9CAHzpInPha3f57EAPAAA8IgCHeVADoA~tplv-dy-cropcenter:323:430.jpeg?biz_tag=pcweb_cover&from=3213915784&s=PackSourceEnum_PUBLISH&sc=cover&se=true&sh=323_430&x-expires=2032966800&x-signature=mFQ8uHpv1glWDf2vdi%2BBuK2u%2Fas%3D,6725,745,1926,1463,https://v5-dy-o-abtest.zjcdn.com/f370f82eb0e68b31fca140cbfdf88b91/667dcdca/video/tos/cn/tos-cn-ve-15c001-alinc2/oYBwFCgAGeA5AH7vly7meT2DfjPYBCbRKA6JKP/?a=6383&ch=26&cr=3&dr=0&lr=all&cd=0%7C0%7C0%7C3&cv=1&br=1368&bt=1368&cs=2&ds=6&ft=_.eD_3-NSupc0riXXbvb4e2EeUhHJOs3-Hb4w7nXZA8BBcIeMfVnJVrzvjTQ&mime_type=video_mp4&qs=11&rc=aGRmM2k3aTo5Ozo4PDY7OEBpMzxqO2k6ZnJ3bDMzNGkzM0BeNDReLzMzXjMxMzJjM2FfYSNkMjRlcjRfbGdgLS1kLTBzcw%3D%3D&btag=80000e00018000&cc=46&cquery=100B_100x_100z_100o_100w&dy_q=1719513473&feature_id=d65f473b4463b6315c21eb3d7c571218&l=20240628023753E338097718C8AB32AF1C&req_cdn_type=&__vid=7253008637361229112
历时一年的时刻，实拍了23种比较常见的植物。但随着时光的流逝，有些植物已经很难遇见了，你的家乡还有吗？管它们还有别的叫法吗？#植物 #龙葵 #车前草 #艾叶 #蒲公英 @抖音小助手,https://www.douyin.com/video/7248219075485240633,https://p3-pc-sign.douyinpic.com/tos-cn-i-0813/okCAxOzIfAcxS2WOAeXYACNAFIwEIDANgy2N2h~tplv-dy-cropcenter:323:430.jpeg?biz_tag=pcweb_cover&from=3213915784&s=PackSourceEnum_PUBLISH&sc=cover&se=true&sh=323_430&x-expires=2032966800&x-signature=ai5c9uo7I4JQSvXu%2BUxq6ucbjOo%3D,4676,326,1590,607,https://v5-dy-o-abtest.zjcdn.com/ebfa2608dea16aa2d7650676ecdd2a3d/667dcdd8/video/tos/cn/tos-cn-ve-15c001-alinc2/oIDWGfgEDQnAlDOetgBiGk2iZGKA9AQ8Ist4bq/?a=6383&ch=26&cr=3&dr=0&lr=all&cd=0%7C0%7C0%7C3&cv=1&br=1243&bt=1243&cs=2&ds=6&ft=_.eD_3-NSupc0riXXbvb4e2EeWhHJOs3-Hb4w7nXZA8BBcIeMfVnJVrzvjTQ&mime_type=video_mp4&qs=11&rc=ZTk2OmlmOTNoZThoN2gzNUBpM3J4bmY6ZjdnbDMzNGkzM0BeYi02YjBgNjExX2FeMjYxYSMwaV9mcjQwZV9gLS1kLTBzcw%3D%3D&btag=c0000e00020000&cc=46&cquery=100z_100o_100w_100B_100x&dy_q=1719513483&feature_id=d65f473b4463b6315c21eb3d7c571218&l=20240628023803006FA763C7AB94467BAF&req_cdn_type=&__vid=7248219075485240633
你有多久没有回老家了？如今看到这些植物，是否能回忆起你的童年？小时候你都管这些植物叫什么名呢？#植物 #农村生活 #车前草 #童年回忆 @抖音小助手,https://www.douyin.com/video/7243375410602364218,https://p3-pc-sign.douyinpic.com/tos-cn-i-0813c001/a8fe32b57dc54e40b6516b77685b067a~tplv-dy-cropcenter:323:430.jpeg?biz_tag=pcweb_cover&from=3213915784&s=PackSourceEnum_PUBLISH&sc=cover&se=true&sh=323_430&x-expires=2032966800&x-signature=YSOdn8p%2F1t7b5aD36s9TxRYCyoE%3D,11000,731,3519,1611,https://v5-dy-o-abtest.zjcdn.com/ddb605a759504afb8ff7b417b347ecf7/667dcde2/video/tos/cn/tos-cn-ve-15c001-alinc2/oQDQztGvAh5DEVpSTQygfBVFIRetAwb0uAkEj7/?a=6383&ch=26&cr=3&dr=0&lr=all&cd=0%7C0%7C0%7C3&cv=1&br=875&bt=875&cs=2&ds=6&ft=_.eD_3-NSupc0riXXbvb4e2EeQhHJOs3-Hb4w7nXZA8BBcIeMfVnJVrzvjTQ&mime_type=video_mp4&qs=11&rc=NjZpNjlnOjQ8ZGZmNTxoOUBpM2xnbzk6ZnF0bDMzNGkzM0A1YF80Xy8wNS8xM2FeLTYvYSNuamA2cjRvMC9gLS1kLTBzcw%3D%3D&btag=c0000e00020000&cc=46&cquery=100w_100B_100x_100z_100o&dy_q=1719513494&feature_id=d65f473b4463b6315c21eb3d7c571218&l=202406280238146D6400286637D9486769&req_cdn_type=&__vid=7243375410602364218
这十九种农村常见的植物你的家乡都有吗？有别的叫法吗？#植物#车前草 #地黄 @抖音小助手,https://www.douyin.com/video/7241143981881560378,https://p3-pc-sign.douyinpic.com/tos-cn-i-0813/93c7150e3cee4122a98c2687ed677a88~tplv-dy-cropcenter:323:430.jpeg?biz_tag=pcweb_cover&from=3213915784&s=PackSourceEnum_PUBLISH&sc=cover&se=true&sh=323_430&x-expires=2032966800&x-signature=Wc1tkNMPIGklDNAd2kwRXZHptek%3D,52000,1924,24000,12000,https://v5-hl-tx-ov.douyinvod.com/8aa06bddd32ef4a63c8df3226df50a09/667dcdf4/video/tos/cn/tos-cn-ve-15c001-alinc2/owhAqhfPiIz4FDQAqJlgtbh3y9EWeB9ADFFtuB/?a=6383&ch=26&cr=3&dr=0&lr=all&cd=0%7C0%7C0%7C3&cv=1&br=881&bt=881&cs=2&ds=6&ft=_.eD_3-NSupc0riXXbvb4e2EeVhHJOs3-Hb4w7nXZA8BBcIeMfVnJVrzvjTQ&mime_type=video_mp4&qs=11&rc=Zmk8NDM1OzpmOTtmNzo5N0BpajVwcDY6ZjV1azMzNGkzM0BeNS5gNmBhNTMxNC40MzU0YSMxaXNvcjRvXnJgLS1kLTBzcw%3D%3D&btag=c0000e00020000&cquery=100x_100z_100o_100w_100B&dy_q=1719513505&feature_id=d65f473b4463b6315c21eb3d7c571218&l=202406280238249662F2558076B04A3081&__vid=7241143981881560378
实拍了24种比较常见的草本植物，你还记得它们吗？能认识几种？你的家乡管这些植物叫什么名字？#植物 #车前草 #蒲公英 #萝藦 @抖音小助手,https://www.douyin.com/video/7213698957921357067,https://p3-pc-sign.douyinpic.com/tos-cn-p-0015/ed6013cc3b584a3d856eddad5803fd52_1679570183~tplv-dmt-logomcc:tos-cn-i-0813/83f3ff4b82394785a986fea223c3a359:323:430.jpeg?biz_tag=pcweb_cover&from=3213915784&s=PackSourceEnum_PUBLISH&sc=cover&se=true&sh=323_430&x-expires=2032966800&x-signature=YSW0gSwmIMR4UJ71Ux40WmGh6aU%3D,6036,242,2005,1042,https://v5-hl-tx-ov.douyinvod.com/f080654e8f7e73a0efb3973e89d8ffc3/667dcdfa/video/tos/cn/tos-cn-ve-15c001-alinc2/oUnwhr8DgnNeAIguyEUsPIfOAJAcDhtNBnQizR/?a=6383&ch=26&cr=3&dr=0&lr=all&cd=0%7C0%7C0%7C3&cv=1&br=741&bt=741&cs=2&ds=6&ft=_.eD_3-NSupc0riXXbvb4e2EeHhHJOs3-Hb4w7nXZA8BBcIeMfVnJVrzvjTQ&mime_type=video_mp4&qs=11&rc=OGRnaDQ3NzxoOjszOmc5ZEBpMzozbWc6Zm02ajMzNGkzM0AzXi9gYDNiXjQxNDIxYDM0YSNlZ3BpcjRvNGJgLS1kLTBzcw%3D%3D&btag=80000e00020000&cquery=100x_100z_100o_100w_100B&dy_q=1719513515&feature_id=d65f473b4463b6315c21eb3d7c571218&l=20240628023834569992A92204E535ABF0&__vid=7213698957921357067
这26种植物认识它们的人越来越少了，你认识几种？有什么奇葩的叫法嘛？#植物 #车前草 #地黄 #龙葵 #艾叶 @抖音小助手,https://www.douyin.com/video/7186586626586397990,https://p3-pc-sign.douyinpic.com/tos-cn-p-0015/1910a02c11e24132b38cf457ef7c7e84_1673257892~tplv-dmt-logomcc:tos-cn-i-0813c001/2aa166ff1ff24461b5c0a8bec7e9f9e2:323:430.jpeg?biz_tag=pcweb_cover&from=3213915784&s=PackSourceEnum_PUBLISH&sc=cover&se=true&sh=323_430&x-expires=2032966800&x-signature=OnJYz%2BS9l1GQ%2FRipjOfXY8Gjfnk%3D,8377,208,2398,1436,https://v5-hl-tx-ov.douyinvod.com/562c5bfcd4080091a6b6bf2453c52f80/667dce02/video/tos/cn/tos-cn-ve-15/ogD724U7PqFia2nTCAbYeEAGQHIf8E99BedH4B/?a=6383&ch=26&cr=3&dr=0&lr=all&cd=0%7C0%7C0%7C3&cv=1&br=768&bt=768&cs=2&ds=6&ft=_.eD_3-NSupc0riXXbvb4e2EeNhHJOs3-Hb4w7nXZA8BBcIeMfVnJVrzvjTQ&mime_type=video_mp4&qs=11&rc=ZWQ2NzNoNmUzOjQ0OzM6NUBpM3lmNzo6Znl4aDMzNGkzM0AvNS1iLzIzXy8xNDA0YGNfYSNgZ19lcjRfMHFgLS1kLTBzcw%3D%3D&btag=c0000e00020000&cquery=100z_100o_100w_100B_100x&dy_q=1719513523&feature_id=76fd7660e4fb5fde516de588e7e634af&l=202406280238430BB0670EB89A25519A15&__vid=7186586626586397990
实拍农村15种草本植物，大家都认识吗？地域不同，叫法也不一样，大家有其它的叫法吗？#车前草 #艾叶 #茵陈 #植物 #新农人计划2022 @抖音小助手,https://www.douyin.com/video/7159112791792651531,https://p3-pc-sign.douyinpic.com/tos-cn-p-0015/c81759727ef74b7db2ee4fa3d735aef1_1666860852~tplv-dmt-logomcc:tos-cn-i-0813/866cd91bbaab41348f5943cf89ecb5bb:323:430.jpeg?biz_tag=pcweb_cover&from=3213915784&s=PackSourceEnum_PUBLISH&sc=cover&se=true&sh=323_430&x-expires=2032966800&x-signature=LYyz6Um%2BoGt4OU4dxfrTXjpa94U%3D,6552,220,1271,602,https://v5-hl-tx-ov.douyinvod.com/a69cc9de6678798f7aa5371887f3078a/667dce0a/video/tos/cn/tos-cn-ve-15c001-alinc2/85f6f18cef7e43cdba09d350c7f17722/?a=6383&ch=26&cr=3&dr=0&lr=all&cd=0%7C0%7C0%7C3&cv=1&br=2228&bt=2228&cs=0&ds=6&ft=_.eD_3-NSupc0riXXbvb4e2Ee8hHJOs3-Hb4w7nXZA8BBcIeMfVnJVrzvjTQ&mime_type=video_mp4&qs=0&rc=NWQzaWRkNjg8OGg3Ozk3NkBpajR0aGk6ZnA3ZzMzNGkzM0AzYzZfMDEzNmIxYTYyNjI2YSNoc2RqcjQwX2FgLS1kLTBzcw%3D%3D&btag=c0000e00018000&cquery=100B_100x_100z_100o_100w&dy_q=1719513535&l=2024062802385533E76B1E7BE1B752403D&__vid=7159112791792651531
茵陈，又叫白蒿。车前草，也叫猪耳朵或者牛舌头。朋友们都认识吗？有其它的叫法吗？#野菜 #车前草 #茵陈 #植物科普 @抖音小助手,https://www.douyin.com/video/7155415497067040039,https://p3-pc-sign.douyinpic.com/tos-cn-p-0015/d4e3a0f27ff74350a1d7b430012b3b04_1666000006~tplv-dmt-logomcc:tos-cn-i-0813/cf13c1cf31a643f48714c452e62170e9:323:430.jpeg?biz_tag=pcweb_cover&from=3213915784&s=PackSourceEnum_PUBLISH&sc=cover&se=true&sh=323_430&x-expires=2032966800&x-signature=jzkQ7b3u9PY1pTkIgTwx1NvP608%3D,21000,964,7448,2844,https://v5-dy-o-abtest.zjcdn.com/1850b0d3f540782f0ab1fdd61e54834e/667dce11/video/tos/cn/tos-cn-ve-15c001-alinc2/d80707f91a4f444ca06edad34ec9ddea/?a=6383&ch=26&cr=3&dr=0&lr=all&cd=0%7C0%7C0%7C3&cv=1&br=1947&bt=1947&cs=0&ds=6&ft=_.eD_3-NSupc0riXXbvb4e2Ee1wHJOs3-Hb4w7nXZA8BBcIeMfVnJVrzvjTQ&mime_type=video_mp4&qs=0&rc=O2ZpZTw4NGc3ZzpnM2c2M0BpMzh5NWY6Zm9sZzMzNGkzM0AtYjNjYGItNmMxMGBjLV8zYSM2NTRocjRfMjNgLS1kLTBzcw%3D%3D&btag=c0000e00018000&cc=46&cquery=100B_100x_100z_100o_100w&dy_q=1719513544&l=2024062802390447AF6EB000524C47D392&req_cdn_type=&__vid=7155415497067040039
实拍整理了16种草本植物，欢迎大家一起学习探讨，你的家乡有当地的叫法吗？#科普植物 #地黄 #车前草 #灵芝 #新农人计划2022,https://www.douyin.com/video/7155028894918249760,https://p3-pc-sign.douyinpic.com/tos-cn-p-0015/cecc075cc192444d8628e79be5847eea_1665909996~tplv-dmt-logomcc:tos-cn-i-0813/e3a9a9635bbe481fbb7acb9956d191db:323:430.jpeg?biz_tag=pcweb_cover&from=3213915784&s=PackSourceEnum_PUBLISH&sc=cover&se=true&sh=323_430&x-expires=2032966800&x-signature=BmAbXd7dSxOARzLdQXcfjvUX5mI%3D,12000,504,2919,1658,https://v5-hl-tx-ov.douyinvod.com/1885cd7faca172738278ce4603b6c9ff/667dce1c/video/tos/cn/tos-cn-ve-15c001-alinc2/399a27587b69472085fd3381a77fe101/?a=6383&ch=26&cr=3&dr=0&lr=all&cd=0%7C0%7C0%7C3&cv=1&br=2197&bt=2197&cs=0&ds=6&ft=_.eD_3-NSupc0riXXbvb4e2EebwHJOs3-Hb4w7nXZA8BBcIeMfVnJVrzvjTQ&mime_type=video_mp4&qs=0&rc=aTRkNWhkNzc1OmY7NDxkPEBpM3NzZjY6Zm92ZzMzNGkzM0BhYmM2Yl5jNjMxNGFgXzBfYSNubGdgcjQwNjJgLS1kLTBzcw%3D%3D&btag=80000e00018000&cquery=100z_100o_100w_100B_100x&dy_q=1719513553&l=202406280239138A7CCFB1AE021B33D1DD&__vid=7155028894918249760
这28种草本植物都是农村常见的，你认识多少种？有什么奇葩的叫法吗？#植物 #节节草 #车前草 #益母草 #新农人计划2022 @抖音小助手,https://www.douyin.com/video/7150603963493125387,https://p3-pc-sign.douyinpic.com/tos-cn-p-0015/a9eb1b2b670b454eb2c55b89560d5f03_1664879738~tplv-dmt-logomcc:tos-cn-i-0813/73efab5072d04807b7994d0e0100046f:323:430.jpeg?biz_tag=pcweb_cover&from=3213915784&s=PackSourceEnum_PUBLISH&sc=cover&se=true&sh=323_430&x-expires=2032966800&x-signature=cKswyEe5WUaDZD3%2BT5RZr0sITyc%3D,105000,4064,28000,23000,https://v5-hl-tx-ov.douyinvod.com/770875a4d4edf6394a93f896672c2c21/667dce28/video/tos/cn/tos-cn-ve-15c001-alinc2/903dc4d746e945a5a3ea3552abcc84af/?a=6383&ch=26&cr=3&dr=0&lr=all&cd=0%7C0%7C0%7C3&cv=1&br=2537&bt=2537&cs=0&ds=6&ft=_.eD_3-NSupc0riXXbvb4e2EehwHJOs3-Hb4w7nXZA8BBcIeMfVnJVrzvjTQ&mime_type=video_mp4&qs=0&rc=NWU6Z2ZkODloNDs2Mzk4PEBpM3Buczg6ZmkzZjMzNGkzM0AzNDBhMGI0Ni0xYC4vNWExYSMzcjZtcjRva3JgLS1kLTBzcw%3D%3D&btag=80000e00020000&cquery=100o_100w_100B_100x_100z&dy_q=1719513563&l=202406280239237FA4B16CDD89173408DA&__vid=7150603963493125387
农村常见中草药，你认识几种？你的家乡都有吗？有什么奇葩的叫法吗？#中草药 #地黄 #车前草 #植物 #科普 @抖音小助手 @抖音三农 @抖音自然,https://www.douyin.com/video/7083834531018591492,https://p3-pc-sign.douyinpic.com/tos-cn-p-0015/ce28dcf066c54483bd1d17c4f04d99c8_1649333759~tplv-dmt-logomcc:tos-cn-i-0813/e5043a31542040bdb5b6b90a53e7ede7:323:430.jpeg?biz_tag=pcweb_cover&from=3213915784&s=PackSourceEnum_PUBLISH&sc=cover&se=true&sh=323_430&x-expires=2032966800&x-signature=IHeDEbdXcXKzQKm1tAYVMO2QtjM%3D,12000,570,4409,3600,https://v5-hl-tx-ov.douyinvod.com/625238d5e4961ebd2634cc1d48deff5c/667dce3a/video/tos/cn/tos-cn-ve-15c001-alinc2/87d58cdc0b174580a6c1c906f9b9e944/?a=6383&ch=26&cr=3&dr=0&lr=all&cd=0%7C0%7C0%7C3&cv=1&br=2638&bt=2638&cs=0&ds=6&ft=_.eD_3-NSupc0riXXbvb4e2EegwHJOs3-Hb4w7nXZA8BBcIeMfVnJVrzvjTQ&mime_type=video_mp4&qs=0&rc=PDdnaGlnZzU3NWg0NTc3ZEBpM282Njw6ZmpnPDMzNGkzM0BjMC8tMjZiNTUxYjQ0NTVhYSNnZGdvcjQwXjRgLS1kLTBzcw%3D%3D&btag=80000e00020000&cquery=100x_102u_100o_100w_100B&dy_q=1719513573&l=20240628023933EA0AC6F575B2DB31A8FC&__vid=7083834531018591492
这些农村了不起的中草药你认识几种？欢迎和朋友们分享学习，让更多的小朋友认识它们。#植物 #车前草 #科普 #抖音图文来了 #中草药 @抖音小助手,https://www.douyin.com/video/7057079003726744832,https://p3-pc-sign.douyinpic.com/tos-cn-p-0015/5fc5058bfaf1458a87eedf0729a9e23b_1643104265~tplv-dmt-logomcc:tos-cn-i-0813/20d803434368490abadef8b9ea45d7f7:323:430.jpeg?biz_tag=pcweb_cover&from=3213915784&s=PackSourceEnum_PUBLISH&sc=cover&se=true&sh=323_430&x-expires=2032966800&x-signature=2DtCdcnEzOhpk%2FWQ9410ShfXpR8%3D,24000,638,4331,4123,https://v5-hl-tx-ov.douyinvod.com/34f993eef41c7e84787a7aed9d1fb5ad/667dce32/video/tos/cn/tos-cn-ve-15-alinc2/93a6fb94fe3e499bb1a3bd6f8eb5d797/?a=6383&ch=26&cr=3&dr=0&lr=all&cd=0%7C0%7C0%7C3&cv=1&br=1060&bt=1060&cs=0&ds=6&ft=_.eD_3-NSupc0riXXbvb4e2EeXwHJOs3-Hb4w7nXZA8BBcIeMfVnJVrzvjTQ&mime_type=video_mp4&qs=0&rc=aDhoOWZoOWQ5NDlnNDs3NEBpampvbjU6ZnF2OjMzNGkzM0AvMTM0LjAyXzExNWMzLi9jYSNvZmRtcjRvNmtgLS1kLWFzcw%3D%3D&btag=c0000e00018000&cquery=102u_100o_100w_100B_100x&dy_q=1719513584&l=20240628023944B2CBD5319AAED448D750&__vid=7057079003726744832
这些农村常见的中草药都是宝，你认识几种？家乡都有吗？带你一起学习。#中草药 #植物 #科普 #车前草 @抖音小助手 @抖音自然,https://www.douyin.com/video/7051177779974524160,https://p3-pc-sign.douyinpic.com/tos-cn-p-0015/718fd9bffaa24a3bb038baaa1492ac25_1641730270~tplv-dmt-logomcc:tos-cn-i-0813/a595f2bfec0c4faca56a510a4024c90e:323:430.jpeg?biz_tag=pcweb_cover&from=3213915784&s=PackSourceEnum_PUBLISH&sc=cover&se=true&sh=323_430&x-expires=2032966800&x-signature=kitjxtM9HgPQr1XmsHJ3ivsNBSI%3D,135000,4409,41000,64000,https://v5-dy-o-abtest.zjcdn.com/770e35b0652ce3675730512c1ea4e7ec/667dce62/video/tos/cn/tos-cn-ve-15-alinc2/965bb00b38ae40b1ad8527052c9ac00f/?a=6383&ch=26&cr=3&dr=0&lr=all&cd=0%7C0%7C0%7C3&cv=1&br=2422&bt=2422&cs=0&ds=6&ft=_.eD_3-NSupc0riXXbvb4e2EevwHJOs3-Hb4w7nXZA8BBcIeMfVnJVrzvjTQ&mime_type=video_mp4&qs=0&rc=Zzs8Njk7MzpkN2VpaTg6Z0BpMzdudzQ6ZjxmOjMzNGkzM0AvYTBiNC42XjAxNjQuYS1iYSM0MXJicjQwc2FgLS1kLWFzcw%3D%3D&btag=80000e00028000&cc=46&cquery=100o_100w_100B_100x_102u&dy_q=1719513595&l=20240628023954DDA2137679EACA33747A&req_cdn_type=&__vid=7051177779974524160
有的地方管它叫猪耳朵或者牛舌头，它的学名叫做车前草，大家管它叫什么名字呢？#植物 #车前草 #车前子 @抖音小助手,https://www.douyin.com/video/7045205367441083683,https://p3-pc-sign.douyinpic.com/tos-cn-p-0015/322b492491cf48789a37ea51ae828013_1640339705~tplv-dmt-logomcc:tos-cn-i-0813/bd6d474518c94083982524e3b14d62a6:323:430.jpeg?biz_tag=pcweb_cover&from=3213915784&s=PackSourceEnum_PUBLISH&sc=cover&se=true&sh=323_430&x-expires=2032966800&x-signature=EE1jNpmEmYjEyjFTMs1TEvpkgyw%3D,3788,390,413,254,https://v5-hl-tx-ov.douyinvod.com/137e04e8e490a06998c5fd290ed33164/667dce30/video/tos/cn/tos-cn-ve-15-alinc2/2e4ed916010d4ed9abb2f8b553776b69/?a=6383&ch=26&cr=3&dr=0&lr=all&cd=0%7C0%7C0%7C3&cv=1&br=2380&bt=2380&cs=0&ds=3&ft=_.eD_3-NSupc0riXXbvb4e2EeM2HJOs3-Hb4w7nXZA8BBcIeMfVnJVrzvjTQ&mime_type=video_mp4&qs=0&rc=Ojs1NWc4OTppPDs5Nmg2M0BpajdrZDs6ZjtzOjMzNGkzM0A2MDMvYGItXzExMzViLi42YSMvaGBqcjRvZC9gLS1kLWFzcw%3D%3D&btag=80000e00008000&cquery=102u_100o_100w_100B_100x&dy_q=1719513604&l=20240628024004CABE54930699DA34554E&__vid=7045205367441083683
